,0,1,2,3,4
0,2.2019990328534407,2.2271975730939904,2.0673871655751417,2.004739635616374,0.0
1,2.20935465733815,2.2314177982528514,2.0803854365078607,2.0103088827753792,0.0
2,2.217057407675571,2.2363322612915164,2.0929701180042217,2.016176144629217,0.0
3,2.2250489660417188,2.2419316084799763,2.105130453417606,2.0223398219049855,0.0
4,2.233274091392867,2.248202274850798,2.1168559436067125,2.028801967860926,0.0
5,2.2416812876502563,2.255127001606128,2.128136459226344,2.0355679180275166,0.0
6,2.250223364397842,2.2626853907026225,2.1389623971298866,2.0426458136785177,0.0
7,2.2588578950068965,2.2708544824008006,2.149324853138011,2.0500460512990264,0.0
8,2.2675475809052132,2.2796093416152545,2.1592157851051486,2.0577806876404954,0.0
9,2.2762605320083162,2.288923638211285,2.1686281447765987,2.065862822723184,0.0
10,2.284970471160899,2.298770205451705,2.177555964606439,2.0743059749650667,0.0
11,2.2936568662381545,2.309121560019604,2.1859943950638248,2.083123457762462,0.0
12,2.3023049897848953,2.319950367566258,2.1939396968152196,2.0923277667541558,0.0
13,2.3109059042316864,2.3312298405635667,2.201389198894111,2.1019299896581836,0.0
14,2.3194563703172895,2.3429340597846373,2.2083412376487312,2.11193925326479,0.0
15,2.3279586762862507,2.3550382156183884,2.2147950918981976,2.12236222327924,0.0
16,2.3364203856014307,2.367518769978096,2.2207509281243065,2.1332026717602175,0.0
17,2.3448540018415516,2.380353543304897,2.2262097667916882,2.1444611246498173,0.0
18,2.353276551451481,2.393521733175269,2.2311734781350823,2.1561345999010277,0.0
19,2.361709088417894,2.407003871142691,2.2356448133831694,2.168216445719532,0.0
20,2.370176129887537,2.4207817240796916,2.239627474650019,2.1806962874508917,0.0
21,2.3787050369550164,2.434838147567513,2.243126222827571,2.1935600892988663,0.0
22,2.3873253577503566,2.4491569028555054,2.246147017730615,2.2067903333040575,0.0
23,2.396068148986187,2.463722454248053,2.2486971790899437,2.220366313477085,0.0
24,2.4049652878344485,2.478519767675046,2.2507855525877893,2.234264537571182,0.0
25,2.4140487801543564,2.493534131733246,2.2524226649986447,2.248459222562598,0.0
26,2.423350066148296,2.50875102012432,2.2536208581278205,2.262922864069581,0.0
27,2.432899323815546,2.5241560117245596,2.2543944000304563,2.277626857048735,0.0
28,2.442724777795393,2.539734783547344,2.2547595790054755,2.292542145475688,0.0
29,2.4528520363910853,2.5554731913263224,2.2547347881341073,2.307639880609726,0.0
30,2.463303494444584,2.5713574481900863,2.2543406061646145,2.3228920696963167,0.0
31,2.47409784329591,2.5873744010969424,2.253599876358712,2.3382721996539404,0.0
32,2.48524971981836,2.6035118901436527,2.2525377805638054,2.353755823058622,0.0
33,2.4967695123294575,2.6197591644136984,2.2511819029895865,2.3693210955305575,0.0
34,2.50866332875962,2.6361073233533476,2.249562277858937,2.3849492537925623,0.0
35,2.520933123490748,2.652549752880233,2.2477114170883743,2.4006250222527563,0.0
36,2.533576972309144,2.669082528468411,2.2456643173856956,2.4163369336901637,0.0
37,2.5465894766735007,2.685704762878485,2.2434584489129294,2.432077548217996,0.0
38,2.5599622676370855,2.7024188819251167,2.241133728486411,2.44784355606928,0.0
39,2.573684570396591,2.71923081540958,2.2387324788157885,2.4636357547558854,0.0
40,2.587743787944626,2.7361500934011413,2.2362993712353036,2.4794588994920996,0.0
41,2.6021260667746486,2.7531898426571844,2.2338813423988615,2.49532143589646,0.0
42,2.6168168153742575,2.7703666830178433,2.2315274680100825,2.511235133597569,0.0
43,2.6318011549991014,2.7877005267281443,2.229288774218562,2.527214646603677,0.0
44,2.6470642909725455,2.8052142849125308,2.227217972143668,2.543277030324144,0.0
45,2.6625917999264606,2.822933486430353,2.2253691095073824,2.559441245929238,0.0
46,2.678369832742795,2.840885815321467,2.2237971412185,2.5757276806617417,0.0
47,2.694385234963464,2.85910057330176,2.2225574267327812,2.592157707652714,0.0
48,2.710625588275563,2.8776080742749297,2.221705166097321,2.6087533004219594,0.0
49,2.727079180490338,2.8964389804258692,2.221294788530779,2.625536706668001,0.0
50,2.7437349173097347,2.9156235930492107,2.2213793079797797,2.6425301763059466,0.0
51,2.7605821952182246,2.9351911119157568,2.2220096609041344,2.6597557328007175,0.0
52,2.7776107592006496,2.9551688727742533,2.223234043107166,2.67723497482733,0.0
53,2.794810570329987,2.9755815663948475,2.225097263894792,2.6949888957899426,0.0
54,2.812171704861505,2.99645043916455,2.227640136303333,2.7130377112434716,0.0
55,2.829684297542793,3.0177924767273643,2.230898921118685,2.7314006896423946,0.0
56,2.847338529825305,3.039619576783187,2.2349048396152598,2.7500959905579045,0.0
57,2.865124653189341,3.0619377219134356,2.2396836658014845,2.769140524982545,0.0
58,2.883033032579118,3.0847461671842495,2.24525540464047,2.7885498612254636,0.0
59,2.9010541962597927,3.1080366614337716,2.251634058655912,2.8083382043256475,0.0
60,2.919178884572059,3.131792725730552,2.258827481111046,2.8285184754478983,0.0
61,2.93739809732932,3.1559890152048644,2.266837310044915,2.849102509020291,0.0
62,2.9557031456378415,3.180590789205514,2.275658975375016,2.8701013690609787,0.0
63,2.974085718569702,3.2055535094943903,2.2852817721385392,2.891525765797854,0.0
64,2.992537976256709,3.2308225790564657,2.2956889970226704,2.913386535431317,0.0
65,3.01105267528027,3.2563332286157,2.3068581520180556,2.9356951330484558,0.0
66,3.0296233211188817,3.282010556647591,2.3187612258716643,2.9584640801571,0.0
67,3.048244331944448,3.307769730158799,2.331365066233094,2.9817073019009297,0.0
68,3.066911193421315,3.333516353677509,2.3446318487333,3.0054402851179143,0.0
69,3.0856205866823196,3.3591470107659664,2.358519635254959,3.0296799895964854,0.0
70,3.1043704776458916,3.384549978070475,2.372983000310979,3.054444453278424,0.0
71,3.123160158124506,3.4096061088394274,2.38797369909414,3.0797520489832193,0.0
72,3.141990224709208,3.434189880101229,2.4034413536038484,3.1056203762931553,0.0
73,3.160862475509541,3.4581705933939713,2.4193341390015592,3.1320648035853624,0.0
74,3.1797797035896727,3.4814137134571217,2.4355994566867767,3.159096700930082,0.0
75,3.1987453694641896,3.5037823248423576,2.4521845833889815,3.1867214177045655,0.0
76,3.217763141165622,3.5251386852412296,2.4690372886090066,3.214936066020683,0.0
77,3.236836299468508,3.545345857374079,2.486106416188905,3.2437271850785776,0.0
78,3.2559670183402,3.5642694072568406,2.503342427871711,3.2730683865538914,0.0
79,3.275155544301023,3.581779162675039,2.5206979062747563,3.302918107401349,0.0
80,3.2943993094232993,3.5977510294871067,2.5381280137049704,3.3332176076840963,0.0
81,3.3136920185555807,3.612068864127765,2.555590905187585,3.3638893408508133,0.0
82,3.3330227515664093,3.6246263979300295,2.573048099016383,3.394835800687379,0.0
83,3.3523751182683843,3.6353292024731316,2.5904648118879456,3.4259389216217566,0.0
84,3.371726500649497,3.644096676318741,2.6078102653211204,3.4570600803165297,0.0
85,3.3910474151511765,3.6508640231167204,2.6250579668304908,3.488040720957511,0.0
86,3.41030102517737,3.6555841780262552,2.6421859658290012,3.518703606818273,0.0
87,3.4294428296204624,3.658229624040653,2.6591770818409217,3.5488546810555723,0.0
88,3.4484205474701795,3.658794026495965,2.676019101706984,3.5782854942846707,0.0
89,3.4671742115836763,3.6572936070384356,2.6927049424995397,3.6067761269289753,0.0
90,3.4856364758280662,3.6537681781219193,2.7092327765475095,3.6340985066796603,0.0
91,3.503733129927457,3.648281764929641,2.7256061142259838,3.660020000732393,0.0
92,3.52138380728619,3.6409227536563664,2.7418338400959272,3.6843071528968734,0.0
93,3.5385028636827602,3.631803523060294,2.757930198362425,3.706729441118374,0.0
94,3.5550003989907553,3.621059537662732,2.773914723304436,3.7270629528282284,0.0
95,3.570783390299715,3.6088479022909743,2.789812109738364,3.7450939099214784,0.0
96,3.585756903753385,3.5953453961902935,2.8056520190320833,3.760622013249655,0.0
97,3.5998253546635413,3.5807460202745514,2.821468817808766,3.7734636080907844,0.0
98,3.6128937907071466,3.5652581040284423,2.837301247937084,3.783454689693624,0.0
99,3.6248691804963054,3.5491010290164833,2.8531920254804968,3.7904537704742802,0.0
100,3.635661698600421,3.5325016333180614,2.869187362265956,3.7943446223699544,0.0
101,3.6451860063853903,3.515690367060735,2.8853363997190473,3.7950388941736213,0.0
102,3.653362533138608,3.4988972765762787,2.901690544441873,3.792478584272836,0.0
103,3.660118762836409,3.4823479035058544,2.9183026990491676,3.7866383213238293,0.0
104,3.665390530236871,3.4662591915142253,2.9352263878449336,3.7775273722463543,0.0
105,3.669123327005644,3.4508354948096396,2.9525147828453044,3.7651912693245957,0.0
106,3.6712736135500834,3.4362647819364525,2.9702196398919907,3.7497129340233437,0.0
107,3.671810124415831,3.4227151280061507,2.9883901575026357,3.731213173080116,0.0
108,3.6707151451676667,3.410331587115113,3.007071774631695,3.709850429831896,0.0
109,3.6679857282213337,3.3992335314495836,3.026304928219884,3.685819693449034,0.0
110,3.663634806907903,3.389512535069095,3.046123795814724,3.6593505043721786,0.0
111,3.6576921636445188,3.3812308717360633,3.0665550515188187,3.630704043148362,0.0
112,3.650205208505601,3.374420687645758,3.0876166651065584,3.600169343844749,0.0
113,3.641239525177757,3.369083895083657,3.1093167750410995,3.568058724472407,0.0
114,3.630879140635363,3.3651928052129723,3.1316526663664246,3.5347025709077684,0.0
115,3.6192264744541895,3.362691480484007,3.1546098820671995,3.5004436446814884,0.0
116,3.6064019254249478,3.3614977494291027,3.1781614897218557,3.4656311057774483,0.0
117,3.592543058011974,3.3615057953134144,3.202267517105241,3.430614448338215,0.0
118,3.5778033593818765,3.362589206854026,3.2268745663417238,3.3957375419676095,0.0
119,3.562350548153008,3.3646043650804898,3.251915617596345,3.361332956176919,0.0
120,3.546364427392903,3.367394037554592,3.2773100363665866,3.327716721029909,0.0
121,3.530034287555963,3.370791061219537,3.3029637992228063,3.2951836444414155,0.0
122,3.51355588242483,3.3746220149234696,3.3287699505266812,3.264003268780125,0.0
123,3.4971280231952027,3.3787108034876354,3.354609299379102,3.2344165104604423,0.0
124,3.4809488602582657,3.3828820904074477,3.380351363537176,3.2066329909702054,0.0
125,3.4652119458264456,3.386964525423141,3.4058555642806554,3.1808290407728603,0.0
126,3.450102191163442,3.3907937168573667,3.4309726718909577,3.1571463406616407,0.0
127,3.4357918485358865,3.3942148975070494,3.45554649578765,3.135691156653378,0.0
128,3.42243665834958,3.3970852320733553,3.479415806505225,3.116534120874897,0.0
129,3.4101723035247726,3.3992757197210968,3.5024164689681676,3.0997105118074204,0.0
130,3.399111304461735,3.400672660410885,3.5243837598516734,3.0852209945957854,0.0
131,3.389340470290482,3.4011786796303185,3.5451548367085137,3.0730327914326483,0.0
132,3.380918998338668,3.400713338215628,3.5645713208489234,3.063081252727167,0.0
133,3.3738772865857825,3.3992133775365043,3.582481948188581,3.0552717893973234,0.0
134,3.3682164961541874,3.3966326552897224,3.5987452321389943,3.0494821167057937,0.0
135,3.3639088753344537,3.3929418210826228,3.6132320718259745,3.045564763074465,0.0
136,3.360898834073198,3.3881277797890115,3.625828235695128,3.0433498127112513,0.0
137,3.3591047366700333,3.382193000360409,3.6364366617243493,3.0426478674885686,0.0
138,3.3584213586958316,3.3751547411122296,3.6449795306869612,3.043253220978991,0.0
139,3.35872293227212,3.3670442699151937,3.651400070813092,3.044947230899075,0.0
140,3.3598666843324723,3.3579061563212567,3.655664041737879,3.047501857973301,0.0
141,3.3616967572875964,3.347797704643679,3.657760838761114,3.0506833223142893,0.0
142,3.3640483913861776,3.336788583874442,3.657704165572974,3.054255824709514,0.0
143,3.366752243546442,3.3249606917258143,3.655532244863575,3.0579852855499534,0.0
144,3.3696387183721135,3.3124082670314094,3.6513075648196667,3.0616430562595656,0.0
145,3.372542191414214,3.299238240349245,3.645116183200771,3.0650095528835086,0.0
146,3.3753050103694515,3.285570788687786,3.6370666206563462,3.0678777535485944,0.0
147,3.3777811673771736,3.2715400364621643,3.6272883738639994,3.070056496616486,0.0
148,3.3798395466450053,3.257294821524448,3.6159300757412387,3.0713735178992616,0.0
149,3.3813666655515697,3.242999425078006,3.603157330185494,3.071678173375164,0.0
150,3.3822688419284423,3.2288341498199014,3.589150253305593,3.0708438067151897,0.0
151,3.3824737355351115,3.2149956221164184,3.5741007593682426,3.068769737591657,0.0
152,3.381931230118174,3.2016966910330615,3.5582096325943704,3.0653828668825205,0.0
153,3.38061364610504,3.1891657996665774,3.541683421797938,3.0606389169131734,0.0
154,3.378515304284564,3.177645712999389,3.524731188131886,3.0545233448957725,0.0
155,3.3756514937087596,3.1673915012414544,3.5075611372749234,3.0470519813835835,0.0
156,3.372056922082512,3.1586676956836754,3.490377179362663,3.038271450380467,0.0
157,3.367783740069483,3.1517445513100344,3.4733754750831993,3.0282594227428454,0.0
158,3.362899238573517,3.1468933655965676,3.4567410386736945,3.017124739148871,0.0
159,3.357483321078427,3.1443808195362486,3.4406444809587655,3.00500741407769,0.0
160,3.3516258453112275,3.144462329318454,3.4252389910588343,2.9920785022184533,0.0
161,3.3454239119178544,3.1473744267934785,3.410657668165605,2.9785397798673277,0.0
162,3.3389791618198132,3.153326222818038,3.397011315208935,2.9646231695838776,0.0
163,3.332395132648548,3.162490048196308,3.3843867912700776,2.950589814958861,0.0
164,3.325774716923407,3.174991411725059,3.3728459924827847,2.9367286924705853,0.0
165,3.3192177584959444,3.190898465360011,3.362425495613093,2.923354632824222,0.0
166,3.312818817352001,3.2102112249585417,3.353136860882253,2.910805619168353,0.0
167,3.3066651248052725,3.232850860761103,3.3449675606874956,2.899439233478139,0.0
168,3.300834742326819,0.0,3.337882482389508,2.889628133170562,0.0
169,3.295394930774842,0.0,3.331825939365295,2.881754458726725,0.0
170,3.290400734673741,0.0,3.326724107372191,2.876203101343269,0.0
171,3.285893787053496,0.0,3.322487783701728,2.873353795810446,0.0
172,3.2819013412601996,0.0,3.3190153519710415,2.873572045229234,0.0
173,3.278435536006552,0.0,3.316195832204332,0.0,0.0
174,3.2754929001012045,0.0,3.3139119036766207,0.0,0.0
175,3.2730541056765876,0.0,3.3120428009432845,0.0,0.0
176,3.271083983408291,0.0,3.310466997970274,0.0,0.0
177,3.2695318185145843,0.0,3.3090646118320035,0.0,0.0
178,3.26833195061218,0.0,3.3077194761972772,0.0,0.0
179,3.267404703059978,0.0,3.306320854814027,0.0,0.0
180,3.2666576689451325,0.0,3.304764785658,0.0,0.0
181,3.2659873836550064,0.0,3.302955066023748,0.0,0.0
182,3.2652814192357504,0.0,3.3008039061725842,0.0,0.0
183,0.0,0.0,3.298232293655796,0.0,0.0
184,0.0,0.0,3.295170121587432,0.0,0.0
185,0.0,0.0,3.2915561413509993,0.0,0.0
186,0.0,0.0,3.2873378041018375,0.0,0.0
187,0.0,0.0,3.2824710572903597,0.0,0.0
188,0.0,0.0,3.2769201622724196,0.0,0.0
189,0.0,0.0,3.2706575956394617,0.0,0.0
190,0.0,0.0,3.2636640900868423,0.0,0.0
191,0.0,0.0,3.2559288623542266,0.0,0.0
192,0.0,0.0,3.24745006758288,0.0,0.0
193,0.0,0.0,3.238235510222049,0.0,0.0
194,0.0,0.0,3.228303628499576,0.0,0.0
195,0.0,0.0,3.2176847508262525,0.0,0.0
196,0.0,0.0,3.2064225991514768,0.0,0.0
197,0.0,0.0,3.1945759885689435,0.0,0.0
198,0.0,0.0,3.182220647148168,0.0,0.0
199,0.0,0.0,3.1694510578104707,0.0,0.0
200,0.0,0.0,3.156382207337257,0.0,0.0
201,0.0,0.0,3.1431511173047224,0.0,0.0
202,0.0,0.0,3.1299180276153282,0.0,0.0
203,0.0,0.0,3.1168671043001113,0.0,0.0
204,0.0,0.0,3.104206548424871,0.0,0.0
205,0.0,0.0,3.0921679919512752,0.0,0.0
206,0.0,0.0,3.0810050791201027,0.0,0.0
207,0.0,0.0,3.0709911467435225,0.0,0.0
208,0.0,0.0,3.062415931105372,0.0,0.0
209,0.0,0.0,3.055581242366033,0.0,0.0
210,0.0,0.0,3.0507955619631146,0.0,0.0
211,0.0,0.0,3.048367537532823,0.0,0.0
212,0.0,0.0,3.0485983746887575,0.0,0.0
213,0.0,0.0,3.051773154913714,0.0,0.0
214,0.0,0.0,3.058151142950222,0.0,0.0
215,0.0,0.0,3.0679551869227235,0.0,0.0
216,0.0,0.0,3.0813603630035717,0.0,0.0
217,0.0,0.0,3.098482074214639,0.0,0.0
218,0.0,0.0,3.119363876600843,0.0,0.0
219,0.0,0.0,0.0,0.0,0.0
220,0.0,0.0,0.0,0.0,0.0
221,0.0,0.0,0.0,0.0,0.0
222,0.0,0.0,0.0,0.0,0.0
223,0.0,0.0,0.0,0.0,0.0
224,0.0,0.0,0.0,0.0,0.0
225,0.0,0.0,0.0,0.0,0.0
226,0.0,0.0,0.0,0.0,0.0
227,0.0,0.0,0.0,0.0,0.0
228,0.0,0.0,0.0,0.0,0.0
229,0.0,0.0,0.0,0.0,0.0
230,0.0,0.0,0.0,0.0,0.0
231,0.0,0.0,0.0,0.0,0.0
232,0.0,0.0,0.0,0.0,0.0
233,0.0,0.0,0.0,0.0,0.0
234,0.0,0.0,0.0,0.0,0.0
235,0.0,0.0,0.0,0.0,0.0
236,0.0,0.0,0.0,0.0,0.0
237,0.0,0.0,0.0,0.0,0.0
238,0.0,0.0,0.0,0.0,0.0
239,0.0,0.0,0.0,0.0,0.0
240,0.0,0.0,0.0,0.0,0.0
241,0.0,0.0,0.0,0.0,0.0
242,0.0,0.0,0.0,0.0,0.0
243,0.0,0.0,0.0,0.0,0.0
244,0.0,0.0,0.0,0.0,0.0
245,0.0,0.0,0.0,0.0,0.0
246,0.0,0.0,0.0,0.0,0.0
247,0.0,0.0,0.0,0.0,0.0
248,0.0,0.0,0.0,0.0,0.0
249,0.0,0.0,0.0,0.0,0.0
250,0.0,0.0,0.0,0.0,0.0
251,0.0,0.0,0.0,0.0,0.0
252,0.0,0.0,0.0,0.0,0.0
253,0.0,0.0,0.0,0.0,0.0
254,0.0,0.0,0.0,0.0,0.0
255,0.0,0.0,0.0,0.0,0.0
256,0.0,0.0,0.0,0.0,0.0
257,0.0,0.0,0.0,0.0,0.0
258,0.0,0.0,0.0,0.0,0.0
259,0.0,0.0,0.0,0.0,0.0
260,0.0,0.0,0.0,0.0,0.0
261,0.0,0.0,0.0,0.0,0.0
262,0.0,0.0,0.0,0.0,0.0
263,0.0,0.0,0.0,0.0,0.0
264,0.0,0.0,0.0,0.0,0.0
265,0.0,0.0,0.0,0.0,0.0
266,0.0,0.0,0.0,0.0,0.0
267,0.0,0.0,0.0,0.0,0.0
268,0.0,0.0,0.0,0.0,0.0
269,0.0,0.0,0.0,0.0,0.0
270,0.0,0.0,0.0,0.0,0.0
271,0.0,0.0,0.0,0.0,0.0
272,0.0,0.0,0.0,0.0,0.0
273,0.0,0.0,0.0,0.0,0.0
274,0.0,0.0,0.0,0.0,0.0
275,0.0,0.0,0.0,0.0,0.0
276,0.0,0.0,0.0,0.0,0.0
277,0.0,0.0,0.0,0.0,0.0
278,0.0,0.0,0.0,0.0,0.0
279,0.0,0.0,0.0,0.0,0.0
280,0.0,0.0,0.0,0.0,0.0
281,0.0,0.0,0.0,0.0,0.0
282,0.0,0.0,0.0,0.0,0.0
283,0.0,0.0,0.0,0.0,0.0
284,0.0,0.0,0.0,0.0,0.0
285,0.0,0.0,0.0,0.0,0.0
286,0.0,0.0,0.0,0.0,0.0
287,0.0,0.0,0.0,0.0,0.0
288,0.0,0.0,0.0,0.0,0.0
289,0.0,0.0,0.0,0.0,0.0
290,0.0,0.0,0.0,0.0,0.0
291,0.0,0.0,0.0,0.0,0.0
292,0.0,0.0,0.0,0.0,0.0
293,0.0,0.0,0.0,0.0,0.0
294,0.0,0.0,0.0,0.0,0.0
295,0.0,0.0,0.0,0.0,0.0
296,0.0,0.0,0.0,0.0,0.0
297,0.0,0.0,0.0,0.0,0.0
298,0.0,0.0,0.0,0.0,0.0
299,0.0,0.0,0.0,0.0,0.0
300,0.0,0.0,0.0,0.0,0.0
301,0.0,0.0,0.0,0.0,0.0
302,0.0,0.0,0.0,0.0,0.0
303,0.0,0.0,0.0,0.0,0.0
304,0.0,0.0,0.0,0.0,0.0
305,0.0,0.0,0.0,0.0,0.0
306,0.0,0.0,0.0,0.0,0.0
307,0.0,0.0,0.0,0.0,0.0
308,0.0,0.0,0.0,0.0,0.0
309,0.0,0.0,0.0,0.0,0.0
310,0.0,0.0,0.0,0.0,0.0
311,0.0,0.0,0.0,0.0,0.0
312,0.0,0.0,0.0,0.0,0.0
313,0.0,0.0,0.0,0.0,0.0
314,0.0,0.0,0.0,0.0,0.0
315,0.0,0.0,0.0,0.0,0.0
316,0.0,0.0,0.0,0.0,0.0
317,0.0,0.0,0.0,0.0,0.0
318,0.0,0.0,0.0,0.0,0.0
319,0.0,0.0,0.0,0.0,0.0
320,0.0,0.0,0.0,0.0,0.0
321,0.0,0.0,0.0,0.0,0.0
322,0.0,0.0,0.0,0.0,0.0
323,0.0,0.0,0.0,0.0,0.0
324,0.0,0.0,0.0,0.0,0.0
325,0.0,0.0,0.0,0.0,0.0
326,0.0,0.0,0.0,0.0,0.0
327,0.0,0.0,0.0,0.0,0.0
328,0.0,0.0,0.0,0.0,0.0
329,0.0,0.0,0.0,0.0,0.0
330,0.0,0.0,0.0,0.0,0.0
331,0.0,0.0,0.0,0.0,0.0
332,0.0,0.0,0.0,0.0,0.0
333,0.0,0.0,0.0,0.0,0.0
334,0.0,0.0,0.0,0.0,0.0
335,0.0,0.0,0.0,0.0,0.0
336,0.0,0.0,0.0,0.0,0.0
337,0.0,0.0,0.0,0.0,0.0
338,0.0,0.0,0.0,0.0,0.0
339,0.0,0.0,0.0,0.0,0.0
340,0.0,0.0,0.0,0.0,0.0
341,0.0,0.0,0.0,0.0,0.0
342,0.0,0.0,0.0,0.0,0.0
343,0.0,0.0,0.0,0.0,0.0
344,0.0,0.0,0.0,0.0,0.0
345,0.0,0.0,0.0,0.0,0.0
346,0.0,0.0,0.0,0.0,0.0
347,0.0,0.0,0.0,0.0,0.0
348,0.0,0.0,0.0,0.0,0.0
349,0.0,0.0,0.0,0.0,0.0
350,0.0,0.0,0.0,0.0,0.0
351,0.0,0.0,0.0,0.0,0.0
352,0.0,0.0,0.0,0.0,0.0
353,0.0,0.0,0.0,0.0,0.0
354,0.0,0.0,0.0,0.0,0.0
355,0.0,0.0,0.0,0.0,0.0
356,0.0,0.0,0.0,0.0,0.0
357,0.0,0.0,0.0,0.0,0.0
358,0.0,0.0,0.0,0.0,0.0
359,0.0,0.0,0.0,0.0,0.0
360,0.0,0.0,0.0,0.0,0.0
361,0.0,0.0,0.0,0.0,0.0
362,0.0,0.0,0.0,0.0,0.0
363,0.0,0.0,0.0,0.0,0.0
364,0.0,0.0,0.0,0.0,0.0
365,0.0,0.0,0.0,0.0,0.0
366,0.0,0.0,0.0,0.0,0.0
367,0.0,0.0,0.0,0.0,0.0
368,0.0,0.0,0.0,0.0,0.0
369,0.0,0.0,0.0,0.0,0.0
370,0.0,0.0,0.0,0.0,0.0
371,0.0,0.0,0.0,0.0,0.0
372,0.0,0.0,0.0,0.0,0.0
373,0.0,0.0,0.0,0.0,0.0
374,0.0,0.0,0.0,0.0,0.0
375,0.0,0.0,0.0,0.0,0.0
376,0.0,0.0,0.0,0.0,0.0
377,0.0,0.0,0.0,0.0,0.0
378,0.0,0.0,0.0,0.0,0.0
379,0.0,0.0,0.0,0.0,0.0
380,0.0,0.0,0.0,0.0,0.0
381,0.0,0.0,0.0,0.0,0.0
382,0.0,0.0,0.0,0.0,0.0
383,0.0,0.0,0.0,0.0,0.0
384,0.0,0.0,0.0,0.0,0.0
385,0.0,0.0,0.0,0.0,0.0
386,0.0,0.0,0.0,0.0,0.0
387,0.0,0.0,0.0,0.0,0.0
388,0.0,0.0,0.0,0.0,0.0
389,0.0,0.0,0.0,0.0,0.0
390,0.0,0.0,0.0,0.0,0.0
391,0.0,0.0,0.0,0.0,0.0
392,0.0,0.0,0.0,0.0,0.0
393,0.0,0.0,0.0,0.0,0.0
394,0.0,0.0,0.0,0.0,0.0
395,0.0,0.0,0.0,0.0,0.0
396,0.0,0.0,0.0,0.0,0.0
397,0.0,0.0,0.0,0.0,0.0
398,0.0,0.0,0.0,0.0,0.0
399,0.0,0.0,0.0,0.0,0.0
400,0.0,0.0,0.0,0.0,0.0
401,0.0,0.0,0.0,0.0,0.0
402,0.0,0.0,0.0,0.0,0.0
403,0.0,0.0,0.0,0.0,0.0
404,0.0,0.0,0.0,0.0,0.0
405,0.0,0.0,0.0,0.0,0.0
406,0.0,0.0,0.0,0.0,0.0
407,0.0,0.0,0.0,0.0,0.0
408,0.0,0.0,0.0,0.0,0.0
409,0.0,0.0,0.0,0.0,0.0
410,0.0,0.0,0.0,0.0,0.0
411,0.0,0.0,0.0,0.0,0.0
412,0.0,0.0,0.0,0.0,0.0
413,0.0,0.0,0.0,0.0,0.0
414,0.0,0.0,0.0,0.0,0.0
415,0.0,0.0,0.0,0.0,0.0
416,0.0,0.0,0.0,0.0,0.0
417,0.0,0.0,0.0,0.0,0.0
418,0.0,0.0,0.0,0.0,0.0
419,0.0,0.0,0.0,0.0,0.0
420,0.0,0.0,0.0,0.0,0.0
421,0.0,0.0,0.0,0.0,0.0
422,0.0,0.0,0.0,0.0,0.0
423,0.0,0.0,0.0,0.0,0.0
424,0.0,0.0,0.0,0.0,0.0
425,0.0,0.0,0.0,0.0,0.0
426,0.0,0.0,0.0,0.0,0.0
427,0.0,0.0,0.0,0.0,0.0
428,0.0,0.0,0.0,0.0,0.0
429,0.0,0.0,0.0,0.0,0.0
430,0.0,0.0,0.0,0.0,0.0
431,0.0,0.0,0.0,0.0,0.0
432,0.0,0.0,0.0,0.0,0.0
433,0.0,0.0,0.0,0.0,0.0
434,0.0,0.0,0.0,0.0,0.0
435,0.0,0.0,0.0,0.0,0.0
436,0.0,0.0,0.0,0.0,0.0
437,0.0,0.0,0.0,0.0,0.0
438,0.0,0.0,0.0,0.0,0.0
439,0.0,0.0,0.0,0.0,0.0
440,0.0,0.0,0.0,0.0,0.0
441,0.0,0.0,0.0,0.0,0.0
442,0.0,0.0,0.0,0.0,0.0
443,0.0,0.0,0.0,0.0,0.0
444,0.0,0.0,0.0,0.0,0.0
445,0.0,0.0,0.0,0.0,0.0
446,0.0,0.0,0.0,0.0,0.0
447,0.0,0.0,0.0,0.0,0.0
448,0.0,0.0,0.0,0.0,0.0
449,0.0,0.0,0.0,0.0,0.0
450,0.0,0.0,0.0,0.0,0.0
451,0.0,0.0,0.0,0.0,0.0
452,0.0,0.0,0.0,0.0,0.0
453,0.0,0.0,0.0,0.0,0.0
454,0.0,0.0,0.0,0.0,0.0
455,0.0,0.0,0.0,0.0,0.0
456,0.0,0.0,0.0,0.0,0.0
457,0.0,0.0,0.0,0.0,0.0
458,0.0,0.0,0.0,0.0,0.0
459,0.0,0.0,0.0,0.0,0.0
460,0.0,0.0,0.0,0.0,0.0
461,0.0,0.0,0.0,0.0,0.0
462,0.0,0.0,0.0,0.0,0.0
463,0.0,0.0,0.0,0.0,0.0
464,0.0,0.0,0.0,0.0,0.0
465,0.0,0.0,0.0,0.0,0.0
466,0.0,0.0,0.0,0.0,0.0
467,0.0,0.0,0.0,0.0,0.0
468,0.0,0.0,0.0,0.0,0.0
469,0.0,0.0,0.0,0.0,0.0
470,0.0,0.0,0.0,0.0,0.0
471,0.0,0.0,0.0,0.0,0.0
472,0.0,0.0,0.0,0.0,0.0
473,0.0,0.0,0.0,0.0,0.0
474,0.0,0.0,0.0,0.0,0.0
475,0.0,0.0,0.0,0.0,0.0
476,0.0,0.0,0.0,0.0,0.0
477,0.0,0.0,0.0,0.0,0.0
478,0.0,0.0,0.0,0.0,0.0
479,0.0,0.0,0.0,0.0,0.0
480,0.0,0.0,0.0,0.0,0.0
481,0.0,0.0,0.0,0.0,0.0
482,0.0,0.0,0.0,0.0,0.0
483,0.0,0.0,0.0,0.0,0.0
484,0.0,0.0,0.0,0.0,0.0
485,0.0,0.0,0.0,0.0,0.0
486,0.0,0.0,0.0,0.0,0.0
487,0.0,0.0,0.0,0.0,0.0
488,0.0,0.0,0.0,0.0,0.0
489,0.0,0.0,0.0,0.0,0.0
490,0.0,0.0,0.0,0.0,0.0
491,0.0,0.0,0.0,0.0,0.0
492,0.0,0.0,0.0,0.0,0.0
493,0.0,0.0,0.0,0.0,0.0
494,0.0,0.0,0.0,0.0,0.0
495,0.0,0.0,0.0,0.0,0.0
496,0.0,0.0,0.0,0.0,0.0
497,0.0,0.0,0.0,0.0,0.0
498,0.0,0.0,0.0,0.0,0.0
499,0.0,0.0,0.0,0.0,0.0
0,2.516691292853185,2.5213094788828974,2.5212912129726797,2.310217119209092,2.462420665629178
1,2.513638125101015,2.525859012835734,2.522520738633401,2.3098562085556997,2.4652539372722275
2,2.510406000597091,2.530340543252573,2.524128272298987,2.3100456123329023,2.46876904935636
3,2.5070578914978485,2.5347142558563953,2.526177592367078,2.31082436402549,2.4730316528024967
4,2.5036641227757386,2.538947360626435,2.528730437711937,2.3122270531719145,2.478106419795823
5,2.5003008637216686,2.5430146626933134,2.5318455460986184,2.3142830691941527,2.484053886339178
6,2.497048440110744,2.5468990329992423,2.535577780337762,2.317016040187149,2.490927078067521
7,2.493989522236064,2.5505917641077476,2.5399773419146663,2.320443477586378,2.4987681543586744
8,2.491207251174274,2.5540927965924474,2.545089074546421,2.324576625951141,2.5076053171309507
9,2.4887833684433014,2.557410802473533,2.5509518609272104,2.329420512190846,2.517450217309138
10,2.4867964127796913,2.560563114224041,2.557598115335178,2.334974186381193,2.528296057144245
11,2.485320042313982,2.563575491553825,2.565053374022775,2.341231142395218,2.5401165365337324
12,2.4844215321672145,2.5664817236136837,2.5733359857843805,2.3481799001882386,2.552865732734201
13,2.484160488151994,2.569323070728945,2.5824569072247847,2.355804724143778,2.5664789421930534
14,2.484587807779387,2.572147556383843,2.5924196097867207,2.3640864447955017,2.5808744562433574
15,2.4857449100789726,2.575009126147284,2.603220106306665,2.3730033452272794,2.595956190861968
16,2.4876632458695367,2.5779666949654914,2.6148471024641653,2.3825320690193466,2.6116170430375556
17,2.490364090742643,2.5810831078974013,2.627282273744375,2.3926485049142934,2.627742801553036
18,2.493858614461245,2.5844240421251055,2.640500663379878,2.4033286058623338,2.644216400169118
19,2.4981482120775906,2.5880568789473384,2.654471192708184,2.4145491065296603,2.660922270906833
20,2.5032250733923593,2.5920495728546746,2.669157273173246,2.4262881113620893,2.6777505423316685
21,2.5090729594794485,2.5964695421079176,2.684517508991445,2.4385255324583945,2.694600842023578
22,2.515668149383236,2.6013826030919573,2.700506480673254,2.45124336191965,2.7113855048342255
23,2.5229805168088975,2.606851968999905,2.717075600457245,2.4644257675412646,2.72803204745015
24,2.53097469469512,2.6129373315060005,2.7341740296442896,2.47805900531507,2.744484833194093
25,2.539611284947713,2.619694041789807,2.7517496443767206,2.492131149189094,2.7607059135965217
26,2.5488480722766997,2.6271724040641184,2.769750031395644,2.5066316495902172,2.776675089110061
27,2.558641205456621,2.635417089848651,2.7881234904028154,2.521550749058883,2.7923892731850866
28,2.568946315400649,2.6444666749252104,2.806820016831744,2.536878805040891,2.8078612705293855
29,2.5797195455871553,2.6543532949888387,2.825792239241675,2.5526055872546025,2.823118095052048
30,2.5909184761251276,2.6651024121705578,2.844996288888889,2.5687196174940112,2.83819895747168
31,2.602502929107993,2.676732683208244,2.8643925837503814,2.5852076032998696,2.8531530471565985
32,2.614435650533268,2.689255920558752,2.8839465136885583,2.6020539978290684,2.8680372190073293
33,2.626682871260984,2.7026771394445572,2.9036290175076416,2.61924070619708,2.8829136768606483
34,2.6392147530665264,2.716994685718863,2.92341704767766,2.636746950221494,2.8978477230279602
35,2.6520057243638475,2.732200440986691,2.9432939241491245,2.6545492935128827,2.9129056221618295
36,2.6650347056155455,2.748280103118281,2.9632495819351226,2.6726218185620616,2.9281526090730225
37,2.6782852203650513,2.765213541964156,2.9832807153367593,2.6909364409090917,2.943651055649695
38,2.6917453869330488,2.782975229601644,3.0033908153330455,2.7094633435220126,2.9594588028060067
39,2.7054077892783277,2.8015347401889947,3.0235900883554585,2.7281715151299664,2.9756276621218025
40,2.719269232398953,2.820857308107551,3.043895237168522,2.7470293774315935,2.9922021012127265
41,2.733330394473021,2.840904428355635,3.0643290816112847,2.7660054862134986,3.0092181442422343
42,2.7475953911956843,2.86163448333886,3.0849200030234605,2.7850692885468193,3.026702534976428
43,2.7620712674863057,2.8830033859359885,3.105701210338531,2.8041919123628714,3.044672215512002
44,2.7767674305738033,2.904965236578022,3.1267098383171805,2.823346959599584,3.0631341672597765
45,2.7916950383697987,2.9274729955544907,3.1479858902950135,2.842511273333629,3.082085644394525
46,2.806866358923548,2.9504791667181776,3.1695710325294617,2.861665651486753,3.1015148048365555
47,2.822294121165366,2.9739364784691764,3.191507245935818,2.880795481490059,3.1214017098908817
48,2.837990882687609,2.9977985398439766,3.213835348352157,2.899891271240957,3.1417196259999183
49,2.853968443075882,3.0220204475992243,3.236593410831623,2.9189490523961625,3.162436531470477
50,2.870237328166826,3.0465593227202117,3.2598150984861207,2.9379706319747223,3.1835167151882233
51,2.8868063623960634,3.07137475924092,3.283527970673877,2.956963667946126,3.2049223535827274
52,2.9036823370340112,3.096429173328174,3.3077517813346704,2.9759415463515753,3.2266149654577627
53,2.9208697755870845,3.121688044817266,3.3324968296662774,2.9949230431955844,3.248556671313373
54,2.9383707954294334,3.1471200452170063,3.3577624204365253,3.0139317633093476,3.270711218864357
55,2.9561850647605197,3.1726970460858315,3.3835354965228595,3.0329953590430088,3.293044768019244
56,2.9743098523223157,3.1983940019935013,3.4097895025112392,3.052144542765912,3.315526447764445
57,2.992740161658085,3.2241887044735886,3.4364835307812114,3.0714119177403045,3.3381287048229034
58,3.0114689335578317,3.2500614067944062,3.463561790149866,3.0908306605547824,3.3608274653368886
59,3.0304872934856957,3.2759943226556563,3.490953414613733,3.1104330938069906,3.3836021291641796
60,3.04978481787882,3.3019710041279065,3.5185725952407423,3.1302491903638727,3.406435412381007
61,3.0693497944579193,3.3279756057123375,3.5463189894251115,3.1503050511751756,3.4293130495304753
62,3.0891694560756333,3.3539920444056834,3.5740783591924696,3.17062139739155,3.4522233658471615
63,3.1092301738600026,3.3800030721040986,3.6017234117796693,3.1912121145182124,3.475156731140896
64,3.129517601443056,3.4059892857232086,3.629114839820244,3.2120828831491752,3.4981049091372007
65,3.1500167653136524,3.431928108595073,3.656102571007659,3.233229929133772,3.5210603180676
66,3.170712095952968,3.457792781136896,3.682527240098025,3.2546389244377902,3.5440152217148864
67,3.1915873933614134,3.483551399372952,3.7082218947890793,3.2762840653246443,3.5669608759297664
68,3.212625723233827,3.5091660383532894,3.733013942002039,3.298127346778517,3.5898866620052865
69,3.2338092469323203,3.5345919946484763,3.756727332214872,3.3201180453078205,3.612779242381517
70,3.2551189953424173,3.5597771764296953,3.7791849693965394,3.3421924195956554,3.635621774429845
71,3.2765345993361565,3.5846616595086895,3.800211325402481,3.364273639149024,3.6583932134125265
72,3.2980339873497626,3.60917741522967,3.8196352292393376,3.3862719519822253,3.681067724418843
73,3.3195930565333973,3.6332482073228047,3.8372927907799066,3.408085100773362,3.703614205618403
74,3.3411853215713276,3.6567896539591858,3.85303040674681,3.429598992898602,3.725995907063378
75,3.362781545624105,3.6797094563218966,3.8667077897345092,3.450688625927082,3.7481701175258966
76,3.3843493591313805,3.701907800803105,3.8782009610899317,3.4712192685122267,3.7700878888114344
77,3.4058528724528303,3.7232779453967213,3.8874051499990796,3.4910478964265605,3.791693769988491
78,3.4272522875834266,3.743707001786322,3.8942375369303375,3.510024883477362,3.8129255296389464
79,3.4485035141346474,3.763076923326139,3.8986397703604463,3.5279959469757296,3.833713851450076
80,3.469557796651654,3.7812657055862426,3.9005801785245175,3.544804346549719,3.8539819991775297
81,3.4903613637070494,3.798148800986089,3.9000555972982673,3.5602933311111578,3.873645462174704
82,3.5108551127622385,3.8136007434849732,3.8970927403513826,3.57430881937783,3.8926116062567306
83,3.5309743479087428,3.8274969740955753,3.8917490465693456,3.5867022842873753,3.9107793587272974
84,3.5506485908496574,3.8397158527993946,3.884112952095457,3.5973337937547636,3.928038955681829
85,3.569801489387414,3.850140836003882,3.874303549550943,3.606075144515237,3.9442717887262773
86,3.5883508516023572,3.8586627901502073,3.8624696129866187,3.612813015925429,3.9593504097317225
87,3.6062088361488143,3.86518240233069,3.8487879810579475,3.617452065617075,3.9731387732572085
88,3.6232823284596782,3.8696126398105233,3.833461301548223,3.619917885116859,3.985492806376171
89,3.639473529218091,3.8718812030762204,3.81671515070875,3.6201597293773875,3.996261392275983
90,3.6546807759847213,3.871932910680609,3.7987945557648803,3.618152931268998,4.005287836099616
91,3.6687996115373327,3.8697319483273054,3.779959969505616,3.613900912990056,4.01241185532063
92,3.681724102961117,3.865263910778882,3.7604827689679308,3.6074367122672446,4.0174721169492935
93,3.6933484045815077,3.8585375648001485,3.7406403712383973,3.5988239513950484,4.02030933441952
94,3.7035685473698883,3.8495862642828143,3.7207110746546443,3.5881571896382787,4.02076992742663
95,3.7122844283480028,3.8384689536819527,3.7009687428430955,3.5755616129171046,4.01871023108057
96,3.7194019652760972,3.8252707016359384,3.6816774548703024,3.5611920290720027,4.014001220007146
97,3.7248353745791944,3.8101027125717106,3.6630862501637647,3.5452311529556924,4.0065336918573395
98,3.7285095248610753,3.7931017708362496,3.645424102510425,3.527887183648341,3.996223832257289
99,3.7303623141412237,3.7744290803086007,3.6288952612673513,3.509390697106598,3.9830190567219295
100,3.7303470143887782,3.7542684728855518,3.613675096635153,3.4899909019151463,3.9669039862686333
101,3.728434520999836,3.732823973152766,3.599906578640557,3.469951330650524,3.947906353716383
102,3.724615438484485,3.7103167263664187,3.587697507786722,3.449545059887608,3.9261025650470063
103,3.7189019287443177,3.6869813229238124,3.5771185983204123,3.429049566939868,3.901622579154699
104,3.711329246397157,3.6630615820596812,3.5682024894342725,3.4087413447231705,3.874653735022946
105,3.7019568868532167,3.638805886835893,3.5609437260057835,3.3888904110786635,3.8454431396017075
106,3.6908692767266436,3.6144621894882834,3.5552997145794434,3.369754864005228,3.814298216453613
107,3.6781759427027674,3.5902728312302346,3.551192627085588,3.3515756430063033,3.781585003499352
108,3.664011105013786,3.566469344123106,3.548512194822151,3.334571652587512,3.747723795799704
109,3.6485326553900626,3.543267422107274,3.5471193075699845,3.318935387822941,3.7131817799383806
110,3.631920494877991,3.520862259387577,3.546850306347727,3.304829182754973,3.67846242040359
111,3.614374221391007,3.499424453748038,3.547521833324052,3.2923821873041006,3.6440915552945583
112,3.596110169999767,3.479096657365468,3.5489360817211573,3.2816881637337367,3.6106004586052176
113,3.5773578248519335,3.4599911259311797,3.550886275453411,3.272804169816664,3.5785065289804683
114,3.5583556451895086,3.442188269780695,3.553162202932752,3.265750161190306,3.5482927146121024
115,3.5393463795731215,3.425736255172704,3.5555556300271225,3.260509510805859,3.520387165639923
116,3.5205719764881063,3.4106516479432103,3.557865422482654,3.257030418049577,3.4951448032074226
117,3.5022682302433443,3.3969210405071903,3.5599022186199876,3.2552281607785933,3.472832454940533
118,3.4846593285919027,3.3845035591624995,3.561492509777131,3.2549881217417282,3.45361893759809
119,3.467952494863327,3.3733341141136153,3.5624820098947545,3.2561694944545123,3.437571003321535
120,3.4523329363174406,3.3633272309317603,3.5627382278047923,3.258609547221938,3.424655459837112
121,3.4379593057017606,3.35438128876499,3.562152195386819,3.2621283028413854,3.414747108611041
122,3.42495984494723,3.346382986093874,3.5606393474451505,3.266533478260646,3.4076415210444035
123,3.413429325951783,3.3392118582031234,3.5581395877044475,3.2716255241330123,3.4030711939450176
124,3.403426868489955,3.3327446806617504,3.554616603777223,3.2772026085194077,3.400723375305897
125,3.394974711514806,3.326859608094795,3.550056514477326,3.283065400450601,3.4002578743907765
126,3.3880580135550864,3.3214399158655996,3.544465954916587,3.289021526207683,3.4013234431896597
127,3.3826257291803454,3.316377233425062,3.5378697318911545,3.2948895925269914,3.4035717452639513
128,3.378592553698544,3.311574181793606,3.5303082051232693,3.300502693914537,3.4066683971838847
129,3.375841871603727,3.306946353108065,3.521834560016792,3.3057113433121175,3.4103009944998046
130,3.374229601363042,3.3024235965705415,3.5125121354242554,3.3103857861335113,3.414184373553737
131,3.3735887996046072,3.297950602974886,3.5024119593907392,3.314417678418443,3.418063586259961
132,3.3737348664086264,3.2934868096652252,3.491610627907398,3.317721130687844,3.4217151703441395
133,3.37447117701965,3.289005675627875,3.480188636477497,3.3202331389359623,3.424947301720574
134,3.375594953314783,3.284493396361296,3.468229243361492,3.3219134421052336,3.427599350601323
135,3.3769031825338836,3.279947139476532,3.455817909635775,3.322743860317529,3.4295412522805226
136,3.3781983935314575,3.2753728904269974,3.4430423281188665,3.3227271789185746,3.430672962812573
137,3.3792941122470097,3.2707830080296514,3.4299930223170563,3.3218856498633498,3.4309241196973193
138,3.380019835408949,3.2661936002354257,3.4167644659834546,3.3202591847621776,3.430253894779496
139,3.380225381854976,3.261621838062322,3.403456641813074,3.3179033132298903,3.4286509304075334
140,3.379784503064254,3.257083327608365,3.3901769257783334,3.314886976533445,3.4261331951103724
141,3.3785976579333568,3.2525896565622783,3.3770421557694794,3.311290221669289,3.4227475754923775
142,3.376593881719156,3.2481462232593037,3.364180722985755,3.3072018567001247,3.4185690284768415
143,3.373731706718977,3.243750444040614,3.351734513646212,3.302717124746028,3.413699146280611
144,3.3699991230513837,3.239390419147918,3.3398605268158064,3.2979354507640943,3.408264030079813
145,3.3654126007029426,3.2350441187245123,3.3287319990184483,3.2929583110858944,3.4024114205786646
146,3.360015228511817,3.2306791292097636,3.3185388747060416,3.2878872690673866,3.3963070881973563
147,3.353874061522652,3.226252977700344,3.309487472868083,3.2828222098083693,3.3901305377093625
148,3.347076800856178,3.2217140286177863,3.3017992170121238,3.277859792832168,3.3840701287766684
149,3.339727953333191,3.2170029241155422,3.295708320700429,3.273092125803728,3.3783177527416304
150,3.331944629674196,3.212054518955252,3.2914583501132473,3.2686056474024143,3.373063235767424
151,3.3238521451850294,3.2068002455594256,3.2892976106894802,3.264480194285937,3.3684886577524527
152,3.3155795908654446,3.201170837542655,3.28947332387923,3.2607882142578766,3.364762784488932
153,3.307255545140151,3.195099336648528,3.292224578251654,3.2575940740349676,3.362035807121408
154,3.2990040913223266,3.188524303491468,3.297774064175977,3.2549533978644183,3.3604345688609425
155,3.2909412888654717,3.1813931476524773,3.30631863699666,3.2529123701230724,3.360058435415146
156,3.2831722174573903,3.1736654914234053,3.3180188024518817,3.251506950317788,3.3609759348905444
157,3.275788675850903,3.165316483177843,3.3329872822624407,3.2507619834015467,3.363222258554171
158,3.2688675760191637,3.1563399764649036,3.351276895868375,3.250690227340041,3.3667976794532124
159,3.2624700307243035,3.1467514874448197,3.372868078102037,3.2512913459195767,3.371666913522733
160,3.256641093231103,3.1365908397303244,3.397656431131509,3.252550925680063,3.377759418647058
161,3.2514100768224563,3.125924408074839,3.4254407760299768,3.254439581742221,3.3849706029769653
162,3.246791361038166,3.1148468823143682,3.4559122241155205,3.2569122246894593,3.3931638961249466
163,3.2427855807591963,3.1034824848909044,0.0,3.259907567554443,3.4021736246567227
164,3.2393810936410685,3.091985582319915,0.0,3.2633479545621262,0.0
165,3.2365556296782443,3.0805406314301966,0.0,3.2671395915898787,0.0
166,3.2342780393920396,3.0693613974960354,0.0,3.2711732548284784,0.0
167,3.232510070499898,3.0586893764744247,0.0,3.275325548883516,0.0
168,3.2312081163401367,3.048791351064535,0.0,3.2794607754718963,0.0
169,3.2303248923283094,3.039956013881788,0.0,0.0,0.0
170,3.229811006810574,3.032489601757411,0.0,0.0,0.0
171,3.229616397628273,3.0267105016537768,0.0,0.0,0.0
172,3.2296916065635908,3.0229428103867244,0.0,0.0,0.0
173,3.229988864322977,3.0215088578578175,0.0,0.0,0.0
174,3.2304629615961145,3.022720736138051,0.0,0.0,0.0
175,3.2310718864536923,3.026870912963356,0.0,0.0,0.0
176,3.231777213040221,3.0342220477406214,0.0,0.0,0.0
177,3.2325442319437907,3.0449961714400464,0.0,0.0,0.0
178,3.2333418225082005,0.0,0.0,0.0,0.0
179,3.2341420834712884,0.0,0.0,0.0,0.0
180,3.2349197573002875,0.0,0.0,0.0,0.0
181,3.2356515003105044,0.0,0.0,0.0,0.0
182,3.236315062628797,0.0,0.0,0.0,0.0
183,3.2368884493937196,0.0,0.0,0.0,0.0
184,3.2373491378228647,0.0,0.0,0.0,0.0
185,3.2376734247269514,0.0,0.0,0.0,0.0
186,0.0,0.0,0.0,0.0,0.0
187,0.0,0.0,0.0,0.0,0.0
188,0.0,0.0,0.0,0.0,0.0
189,0.0,0.0,0.0,0.0,0.0
190,0.0,0.0,0.0,0.0,0.0
191,0.0,0.0,0.0,0.0,0.0
192,0.0,0.0,0.0,0.0,0.0
193,0.0,0.0,0.0,0.0,0.0
194,0.0,0.0,0.0,0.0,0.0
195,0.0,0.0,0.0,0.0,0.0
196,0.0,0.0,0.0,0.0,0.0
197,0.0,0.0,0.0,0.0,0.0
198,0.0,0.0,0.0,0.0,0.0
199,0.0,0.0,0.0,0.0,0.0
200,0.0,0.0,0.0,0.0,0.0
201,0.0,0.0,0.0,0.0,0.0
202,0.0,0.0,0.0,0.0,0.0
203,0.0,0.0,0.0,0.0,0.0
204,0.0,0.0,0.0,0.0,0.0
205,0.0,0.0,0.0,0.0,0.0
206,0.0,0.0,0.0,0.0,0.0
207,0.0,0.0,0.0,0.0,0.0
208,0.0,0.0,0.0,0.0,0.0
209,0.0,0.0,0.0,0.0,0.0
210,0.0,0.0,0.0,0.0,0.0
211,0.0,0.0,0.0,0.0,0.0
212,0.0,0.0,0.0,0.0,0.0
213,0.0,0.0,0.0,0.0,0.0
214,0.0,0.0,0.0,0.0,0.0
215,0.0,0.0,0.0,0.0,0.0
216,0.0,0.0,0.0,0.0,0.0
217,0.0,0.0,0.0,0.0,0.0
218,0.0,0.0,0.0,0.0,0.0
219,0.0,0.0,0.0,0.0,0.0
220,0.0,0.0,0.0,0.0,0.0
221,0.0,0.0,0.0,0.0,0.0
222,0.0,0.0,0.0,0.0,0.0
223,0.0,0.0,0.0,0.0,0.0
224,0.0,0.0,0.0,0.0,0.0
225,0.0,0.0,0.0,0.0,0.0
226,0.0,0.0,0.0,0.0,0.0
227,0.0,0.0,0.0,0.0,0.0
228,0.0,0.0,0.0,0.0,0.0
229,0.0,0.0,0.0,0.0,0.0
230,0.0,0.0,0.0,0.0,0.0
231,0.0,0.0,0.0,0.0,0.0
232,0.0,0.0,0.0,0.0,0.0
233,0.0,0.0,0.0,0.0,0.0
234,0.0,0.0,0.0,0.0,0.0
235,0.0,0.0,0.0,0.0,0.0
236,0.0,0.0,0.0,0.0,0.0
237,0.0,0.0,0.0,0.0,0.0
238,0.0,0.0,0.0,0.0,0.0
239,0.0,0.0,0.0,0.0,0.0
240,0.0,0.0,0.0,0.0,0.0
241,0.0,0.0,0.0,0.0,0.0
242,0.0,0.0,0.0,0.0,0.0
243,0.0,0.0,0.0,0.0,0.0
244,0.0,0.0,0.0,0.0,0.0
245,0.0,0.0,0.0,0.0,0.0
246,0.0,0.0,0.0,0.0,0.0
247,0.0,0.0,0.0,0.0,0.0
248,0.0,0.0,0.0,0.0,0.0
249,0.0,0.0,0.0,0.0,0.0
250,0.0,0.0,0.0,0.0,0.0
251,0.0,0.0,0.0,0.0,0.0
252,0.0,0.0,0.0,0.0,0.0
253,0.0,0.0,0.0,0.0,0.0
254,0.0,0.0,0.0,0.0,0.0
255,0.0,0.0,0.0,0.0,0.0
256,0.0,0.0,0.0,0.0,0.0
257,0.0,0.0,0.0,0.0,0.0
258,0.0,0.0,0.0,0.0,0.0
259,0.0,0.0,0.0,0.0,0.0
260,0.0,0.0,0.0,0.0,0.0
261,0.0,0.0,0.0,0.0,0.0
262,0.0,0.0,0.0,0.0,0.0
263,0.0,0.0,0.0,0.0,0.0
264,0.0,0.0,0.0,0.0,0.0
265,0.0,0.0,0.0,0.0,0.0
266,0.0,0.0,0.0,0.0,0.0
267,0.0,0.0,0.0,0.0,0.0
268,0.0,0.0,0.0,0.0,0.0
269,0.0,0.0,0.0,0.0,0.0
270,0.0,0.0,0.0,0.0,0.0
271,0.0,0.0,0.0,0.0,0.0
272,0.0,0.0,0.0,0.0,0.0
273,0.0,0.0,0.0,0.0,0.0
274,0.0,0.0,0.0,0.0,0.0
275,0.0,0.0,0.0,0.0,0.0
276,0.0,0.0,0.0,0.0,0.0
277,0.0,0.0,0.0,0.0,0.0
278,0.0,0.0,0.0,0.0,0.0
279,0.0,0.0,0.0,0.0,0.0
280,0.0,0.0,0.0,0.0,0.0
281,0.0,0.0,0.0,0.0,0.0
282,0.0,0.0,0.0,0.0,0.0
283,0.0,0.0,0.0,0.0,0.0
284,0.0,0.0,0.0,0.0,0.0
285,0.0,0.0,0.0,0.0,0.0
286,0.0,0.0,0.0,0.0,0.0
287,0.0,0.0,0.0,0.0,0.0
288,0.0,0.0,0.0,0.0,0.0
289,0.0,0.0,0.0,0.0,0.0
290,0.0,0.0,0.0,0.0,0.0
291,0.0,0.0,0.0,0.0,0.0
292,0.0,0.0,0.0,0.0,0.0
293,0.0,0.0,0.0,0.0,0.0
294,0.0,0.0,0.0,0.0,0.0
295,0.0,0.0,0.0,0.0,0.0
296,0.0,0.0,0.0,0.0,0.0
297,0.0,0.0,0.0,0.0,0.0
298,0.0,0.0,0.0,0.0,0.0
299,0.0,0.0,0.0,0.0,0.0
300,0.0,0.0,0.0,0.0,0.0
301,0.0,0.0,0.0,0.0,0.0
302,0.0,0.0,0.0,0.0,0.0
303,0.0,0.0,0.0,0.0,0.0
304,0.0,0.0,0.0,0.0,0.0
305,0.0,0.0,0.0,0.0,0.0
306,0.0,0.0,0.0,0.0,0.0
307,0.0,0.0,0.0,0.0,0.0
308,0.0,0.0,0.0,0.0,0.0
309,0.0,0.0,0.0,0.0,0.0
310,0.0,0.0,0.0,0.0,0.0
311,0.0,0.0,0.0,0.0,0.0
312,0.0,0.0,0.0,0.0,0.0
313,0.0,0.0,0.0,0.0,0.0
314,0.0,0.0,0.0,0.0,0.0
315,0.0,0.0,0.0,0.0,0.0
316,0.0,0.0,0.0,0.0,0.0
317,0.0,0.0,0.0,0.0,0.0
318,0.0,0.0,0.0,0.0,0.0
319,0.0,0.0,0.0,0.0,0.0
320,0.0,0.0,0.0,0.0,0.0
321,0.0,0.0,0.0,0.0,0.0
322,0.0,0.0,0.0,0.0,0.0
323,0.0,0.0,0.0,0.0,0.0
324,0.0,0.0,0.0,0.0,0.0
325,0.0,0.0,0.0,0.0,0.0
326,0.0,0.0,0.0,0.0,0.0
327,0.0,0.0,0.0,0.0,0.0
328,0.0,0.0,0.0,0.0,0.0
329,0.0,0.0,0.0,0.0,0.0
330,0.0,0.0,0.0,0.0,0.0
331,0.0,0.0,0.0,0.0,0.0
332,0.0,0.0,0.0,0.0,0.0
333,0.0,0.0,0.0,0.0,0.0
334,0.0,0.0,0.0,0.0,0.0
335,0.0,0.0,0.0,0.0,0.0
336,0.0,0.0,0.0,0.0,0.0
337,0.0,0.0,0.0,0.0,0.0
338,0.0,0.0,0.0,0.0,0.0
339,0.0,0.0,0.0,0.0,0.0
340,0.0,0.0,0.0,0.0,0.0
341,0.0,0.0,0.0,0.0,0.0
342,0.0,0.0,0.0,0.0,0.0
343,0.0,0.0,0.0,0.0,0.0
344,0.0,0.0,0.0,0.0,0.0
345,0.0,0.0,0.0,0.0,0.0
346,0.0,0.0,0.0,0.0,0.0
347,0.0,0.0,0.0,0.0,0.0
348,0.0,0.0,0.0,0.0,0.0
349,0.0,0.0,0.0,0.0,0.0
350,0.0,0.0,0.0,0.0,0.0
351,0.0,0.0,0.0,0.0,0.0
352,0.0,0.0,0.0,0.0,0.0
353,0.0,0.0,0.0,0.0,0.0
354,0.0,0.0,0.0,0.0,0.0
355,0.0,0.0,0.0,0.0,0.0
356,0.0,0.0,0.0,0.0,0.0
357,0.0,0.0,0.0,0.0,0.0
358,0.0,0.0,0.0,0.0,0.0
359,0.0,0.0,0.0,0.0,0.0
360,0.0,0.0,0.0,0.0,0.0
361,0.0,0.0,0.0,0.0,0.0
362,0.0,0.0,0.0,0.0,0.0
363,0.0,0.0,0.0,0.0,0.0
364,0.0,0.0,0.0,0.0,0.0
365,0.0,0.0,0.0,0.0,0.0
366,0.0,0.0,0.0,0.0,0.0
367,0.0,0.0,0.0,0.0,0.0
368,0.0,0.0,0.0,0.0,0.0
369,0.0,0.0,0.0,0.0,0.0
370,0.0,0.0,0.0,0.0,0.0
371,0.0,0.0,0.0,0.0,0.0
372,0.0,0.0,0.0,0.0,0.0
373,0.0,0.0,0.0,0.0,0.0
374,0.0,0.0,0.0,0.0,0.0
375,0.0,0.0,0.0,0.0,0.0
376,0.0,0.0,0.0,0.0,0.0
377,0.0,0.0,0.0,0.0,0.0
378,0.0,0.0,0.0,0.0,0.0
379,0.0,0.0,0.0,0.0,0.0
380,0.0,0.0,0.0,0.0,0.0
381,0.0,0.0,0.0,0.0,0.0
382,0.0,0.0,0.0,0.0,0.0
383,0.0,0.0,0.0,0.0,0.0
384,0.0,0.0,0.0,0.0,0.0
385,0.0,0.0,0.0,0.0,0.0
386,0.0,0.0,0.0,0.0,0.0
387,0.0,0.0,0.0,0.0,0.0
388,0.0,0.0,0.0,0.0,0.0
389,0.0,0.0,0.0,0.0,0.0
390,0.0,0.0,0.0,0.0,0.0
391,0.0,0.0,0.0,0.0,0.0
392,0.0,0.0,0.0,0.0,0.0
393,0.0,0.0,0.0,0.0,0.0
394,0.0,0.0,0.0,0.0,0.0
395,0.0,0.0,0.0,0.0,0.0
396,0.0,0.0,0.0,0.0,0.0
397,0.0,0.0,0.0,0.0,0.0
398,0.0,0.0,0.0,0.0,0.0
399,0.0,0.0,0.0,0.0,0.0
400,0.0,0.0,0.0,0.0,0.0
401,0.0,0.0,0.0,0.0,0.0
402,0.0,0.0,0.0,0.0,0.0
403,0.0,0.0,0.0,0.0,0.0
404,0.0,0.0,0.0,0.0,0.0
405,0.0,0.0,0.0,0.0,0.0
406,0.0,0.0,0.0,0.0,0.0
407,0.0,0.0,0.0,0.0,0.0
408,0.0,0.0,0.0,0.0,0.0
409,0.0,0.0,0.0,0.0,0.0
410,0.0,0.0,0.0,0.0,0.0
411,0.0,0.0,0.0,0.0,0.0
412,0.0,0.0,0.0,0.0,0.0
413,0.0,0.0,0.0,0.0,0.0
414,0.0,0.0,0.0,0.0,0.0
415,0.0,0.0,0.0,0.0,0.0
416,0.0,0.0,0.0,0.0,0.0
417,0.0,0.0,0.0,0.0,0.0
418,0.0,0.0,0.0,0.0,0.0
419,0.0,0.0,0.0,0.0,0.0
420,0.0,0.0,0.0,0.0,0.0
421,0.0,0.0,0.0,0.0,0.0
422,0.0,0.0,0.0,0.0,0.0
423,0.0,0.0,0.0,0.0,0.0
424,0.0,0.0,0.0,0.0,0.0
425,0.0,0.0,0.0,0.0,0.0
426,0.0,0.0,0.0,0.0,0.0
427,0.0,0.0,0.0,0.0,0.0
428,0.0,0.0,0.0,0.0,0.0
429,0.0,0.0,0.0,0.0,0.0
430,0.0,0.0,0.0,0.0,0.0
431,0.0,0.0,0.0,0.0,0.0
432,0.0,0.0,0.0,0.0,0.0
433,0.0,0.0,0.0,0.0,0.0
434,0.0,0.0,0.0,0.0,0.0
435,0.0,0.0,0.0,0.0,0.0
436,0.0,0.0,0.0,0.0,0.0
437,0.0,0.0,0.0,0.0,0.0
438,0.0,0.0,0.0,0.0,0.0
439,0.0,0.0,0.0,0.0,0.0
440,0.0,0.0,0.0,0.0,0.0
441,0.0,0.0,0.0,0.0,0.0
442,0.0,0.0,0.0,0.0,0.0
443,0.0,0.0,0.0,0.0,0.0
444,0.0,0.0,0.0,0.0,0.0
445,0.0,0.0,0.0,0.0,0.0
446,0.0,0.0,0.0,0.0,0.0
447,0.0,0.0,0.0,0.0,0.0
448,0.0,0.0,0.0,0.0,0.0
449,0.0,0.0,0.0,0.0,0.0
450,0.0,0.0,0.0,0.0,0.0
451,0.0,0.0,0.0,0.0,0.0
452,0.0,0.0,0.0,0.0,0.0
453,0.0,0.0,0.0,0.0,0.0
454,0.0,0.0,0.0,0.0,0.0
455,0.0,0.0,0.0,0.0,0.0
456,0.0,0.0,0.0,0.0,0.0
457,0.0,0.0,0.0,0.0,0.0
458,0.0,0.0,0.0,0.0,0.0
459,0.0,0.0,0.0,0.0,0.0
460,0.0,0.0,0.0,0.0,0.0
461,0.0,0.0,0.0,0.0,0.0
462,0.0,0.0,0.0,0.0,0.0
463,0.0,0.0,0.0,0.0,0.0
464,0.0,0.0,0.0,0.0,0.0
465,0.0,0.0,0.0,0.0,0.0
466,0.0,0.0,0.0,0.0,0.0
467,0.0,0.0,0.0,0.0,0.0
468,0.0,0.0,0.0,0.0,0.0
469,0.0,0.0,0.0,0.0,0.0
470,0.0,0.0,0.0,0.0,0.0
471,0.0,0.0,0.0,0.0,0.0
472,0.0,0.0,0.0,0.0,0.0
473,0.0,0.0,0.0,0.0,0.0
474,0.0,0.0,0.0,0.0,0.0
475,0.0,0.0,0.0,0.0,0.0
476,0.0,0.0,0.0,0.0,0.0
477,0.0,0.0,0.0,0.0,0.0
478,0.0,0.0,0.0,0.0,0.0
479,0.0,0.0,0.0,0.0,0.0
480,0.0,0.0,0.0,0.0,0.0
481,0.0,0.0,0.0,0.0,0.0
482,0.0,0.0,0.0,0.0,0.0
483,0.0,0.0,0.0,0.0,0.0
484,0.0,0.0,0.0,0.0,0.0
485,0.0,0.0,0.0,0.0,0.0
486,0.0,0.0,0.0,0.0,0.0
487,0.0,0.0,0.0,0.0,0.0
488,0.0,0.0,0.0,0.0,0.0
489,0.0,0.0,0.0,0.0,0.0
490,0.0,0.0,0.0,0.0,0.0
491,0.0,0.0,0.0,0.0,0.0
492,0.0,0.0,0.0,0.0,0.0
493,0.0,0.0,0.0,0.0,0.0
494,0.0,0.0,0.0,0.0,0.0
495,0.0,0.0,0.0,0.0,0.0
496,0.0,0.0,0.0,0.0,0.0
497,0.0,0.0,0.0,0.0,0.0
498,0.0,0.0,0.0,0.0,0.0
499,0.0,0.0,0.0,0.0,0.0
0,2.3491099573841154,2.381221055502117,2.3028077746647524,2.066445673558098,2.11544259457518
1,2.3507083008477037,2.382854324253696,2.30329989154346,2.087255205600852,2.1153814237755304
2,2.3527978932329456,2.3852456050476634,2.304197650532649,2.107764258245461,2.115091266655678
3,2.355421821280234,2.3884377000979864,2.305587240717001,2.1279291624138224,2.1146372586184126
4,2.358615676623579,2.3924578077805445,2.3075499612973345,2.1477101631731657,2.1140910495915186
5,2.3624073320339973,2.397317574695391,2.3101606663359835,2.16707116840959,2.1135298413793344
6,2.366816937432885,2.4030136563276177,2.313486299928439,2.1859793348143035,2.1130352104164287
7,2.3718571128969805,2.409528730464722,2.317584570600187,2.204404538684081,2.1126917381047696
8,2.3775333151518745,2.4168328907976493,2.3225028128638803,2.22231877958669,2.112585481336753
9,2.383844352698538,2.424885338802515,2.32827707898538,2.2396955663390097,2.1128023256806077
10,2.390783022035638,2.4336362888562917,2.334931494813087,2.2565093382344688,2.113426271101533
11,2.398336834463185,2.4430290016516687,2.342477902201498,2.2727349770111918,2.114537703698148
12,2.406488802153224,2.453001862607144,2.3509157990420544,2.28834746127513,2.1162117064266486
13,2.4152182556438,2.4634904256746997,2.360232575556919,2.3033217023030685,2.1185164583144958
14,2.4245016720947183,2.474429350452387,2.37040403151532,2.3176325809087754,2.1215117680800453
15,2.434313501325794,2.485754172775604,2.3813951451420214,2.3312551846185965,2.125247787075029
16,2.4446269814474992,2.497402865010586,2.3931610537062094,2.3441652269767976,2.129763947578479
17,2.4554149365550684,2.5093171597946005,2.405648200132906,2.3563396179809297,2.1350881716775096
18,2.466650546939514,2.5214436275546257,2.4187956000226287,2.3677571461208546,2.141236389511919
19,2.478308080327268,2.5337345117783907,2.4325361882045637,2.378399227509777,2.148212393474172
20,2.490363572428624,2.5461483353964423,2.4467982107445754,2.3882506759006588,2.1560080399287713
21,2.50279544618614,2.558650296672912,2.461506634264431,2.397300449235699,2.1646037948567094
22,2.5155850604602237,2.5712124745570737,2.476584548282536,2.4055423337374373,2.1739696053620543
23,2.528717179645234,2.58381386284744,2.491954538964269,2.4129755342019226,2.184066064815306
24,2.5421803555674285,2.5964402514381577,2.5075400158259873,2.4196051472826765,2.1948458259977532
25,2.5559672129563187,2.6090839722039396,2.5232664773918847,2.4254425019954953,2.2062552058872584
26,2.5700746314607983,2.6217435258282595,2.5390627070564875,2.43050535818123,2.218235919477423
27,2.584503820542633,2.6344231034263994,2.5548618952423054,2.43481795938746,2.2307268785569963
28,2.599260286738294,2.647132014782374,2.5706026872793117,2.438410941841789,2.243665993738452
29,2.614353694510367,2.659884035562208,2.5862301577999167,2.441321106343309,2.2569919225389414
30,2.6297976228243694,2.6726966889505896,2.6016967119575134,2.443591065411606,2.270645711314795
31,2.6456092211592734,2.685590481086578,2.6169629116532156,2.445268783546252,2.2845722837278224
32,2.6618087715772165,2.6985881129943188,2.6319982213497157,2.4464070326178935,2.2987217336713606
33,2.678419166910217,2.7117136934744575,2.64678166344898,2.447062786219341,2.313050387012751
34,2.6954653176787584,2.724991976997124,2.661302368156156,2.4472965764664694,2.327521604726429
35,2.712973501451731,2.7384476484806863,2.6755599968964563,2.447171834602185,2.3421063099496644
36,2.730970668753044,2.752104674560912,2.6895650106106084,2.4467542327801612,2.3567832323203244
37,2.7494837211167726,2.765985739513027,2.703338744187432,2.446111039524053,2.3715388736487886
38,2.768538780280768,2.7801117823268005,2.7169132366560613,2.445310497233689,2.3863672087894745
39,2.788160470676044,2.7945016476207294,2.7303307547357125,2.444421226744365,2.401269143733728
40,2.8083712375779784,2.8091718566544013,2.7436429372020683,2.4435116599187583,2.4162517593946724
41,2.829190720344066,2.824136497285165,2.756909488603488,2.4426494966551275,2.431327376132847
42,2.8506351952831026,2.839407225309643,2.770196382871686,2.441901179517548,2.4465124825227123
43,2.8727170969325755,2.8549933642224743,2.7835736122241777,2.44133137868247,2.461826579754758
44,2.8954446217498275,2.8709020840146593,2.797112611750213,2.441002481514019,2.477290994995086
45,2.918821416008567,2.8871386316527357,2.81088355935958,2.4409740839769993,2.492927710994127
46,2.942846347796597,2.9037065792847234,2.82495276953896,2.441302485489661,2.5087582495077676
47,2.967513357460136,2.9206080551921234,2.839380377715753,2.442040195307055,2.5248026383769586
48,2.9928113724863197,2.937843928865164,2.854218468908015,2.443235466100737,2.5410784880848545
49,3.01872426692745,2.9554139330083657,2.869509750341565,2.44493187590121,2.557600201964086
50,3.0452308449981866,2.973316716708371,2.885286808924129,2.44716797993365,2.574378344015075
51,3.072304832422205,2.991549831982128,2.901571935127655,2.4499770485324,2.591419188278562
52,3.09991486520189,3.01010966102827,2.9183774414268515,2.4533868982245735,2.6087244709776596
53,3.1280244701059847,3.0289912944592765,2.9357063703565376,2.457419813168699,2.626291359443335
54,3.156592030586863,3.0481883704713777,2.953553483616565,2.462092546230227,2.6441126419871956
55,3.1855707284751253,3.067692882829725,2.971906437196472,2.4674163850506283,2.662177132998058
56,3.2149084546986186,3.0874949661356617,2.990747058111436,2.4733972688553174,2.680470277632534
57,3.244547695457419,3.1075826710556207,3.010052640210528,2.4800359452209713,2.6989749296333345
58,3.2744254156656307,3.127941746417563,3.0297971763300833,2.4873281608415954,2.717672264809283
59,3.304472968907784,3.1485554464130914,3.049952448900735,2.4952648850915673,2.7365427831318763
60,3.3346160613525675,3.169404379574572,3.0704889138766323,2.5038325691691434,2.755567345430917
61,3.3647747903657925,3.1904664125961073,3.091376332007271,2.5130134465845297,2.7747281872397713
62,3.394863770383978,3.211716636867353,3.112584122575784,2.5227858824182077,2.794009852508203
63,3.4247923510345064,3.233127398396555,3.134081434492444,2.533124778618504,2.8133999930111853
64,3.454464926626425,3.2546683823843603,3.155836948093782,2.5440020403047834,2.8328899856895258
65,3.4837813316122745,3.2763067344362122,3.177818439351559,2.555387103837373,2.8524753309978075
66,3.512637313020581,3.2980071961746162,3.1999921553580153,2.5672475226073384,2.8721558098433166
67,3.540925068361362,3.3197322364663924,3.222322062154279,2.5795496024294473,2.891935391915965
68,3.568533836033745,3.3414421676559045,3.2447690295578977,2.5922590744383838,2.9118219021701472
69,3.595350524997725,3.36309524318617,3.267290012808023,2.6053417881762035,2.9318264652167816
70,3.621260372434927,3.384647735218793,3.2898372820596524,2.618764402425483,2.9519627577902186
71,3.6461476225713993,3.406053990100539,3.3123577427023,2.632495049217298,2.9722461021363586
72,3.6698962250053744,3.427266460399344,3.334792383108435,2.6465039485743427,2.9926924266401356
73,3.692390554278544,3.4482357167822952,3.3570758803490524,2.6607639569296535,3.013317111434365
74,3.713516153492205,3.468910448999907,3.3791363884694365,2.675251038433083,3.034133733850748
75,3.7331605058454698,3.4892374688275574,3.4008955287066933,2.6899446525513846,3.0551527317341014
76,3.751213841611192,3.5091617263805275,3.4222685957041525,2.7048280513837106,3.0763800083215864
77,3.767569993158668,3.5286263453006144,3.4431649875728256,2.7198884765797513,3.097815508647826
78,3.7821273134704625,3.547572675413619,3.4634888621364155,2.735117243023089,3.119451803172338
79,3.794789672679661,3.565940357239792,3.483140018542681,2.750509701363418,3.141272718594703
80,3.8054675448747304,3.583667392908294,3.5020150011476456,2.7660650871974988,3.1632520592479345
81,3.8140791966255616,3.600690222634773,3.5200084175888957,2.7817862828138877,3.1853524657267323
82,3.820551989184307,3.61694381367351,3.537014453297413,2.7976795227428393,3.2075244588109513
83,3.8248238047378957,3.6323617773465764,3.552928552086907,2.813754063366217,3.229705714433831
84,3.8268446000295246,3.646876537464298,3.5676492208854618,2.830021822634064,3.2518206103806206
85,3.8265780781651806,3.6604195786285425,3.5810799090415464,2.846496990334471,3.2737800796685637
86,3.824003454361664,3.672921803919337,3.593130909367063,2.8631956109042016,3.295481799294168
87,3.8191172753208305,3.6843140279491875,3.6037212280120716,2.8801351425072803,3.316810734871769
88,3.8119352342089754,3.694527625272114,3.6127803717549796,2.8973339953711044,3.337640051005612
89,3.8024939046694795,3.703495348090164,3.6202500033965412,2.9148110508188867,3.357832384892612
90,3.790852300940512,3.7111523213473787,3.626085419245483,2.9325851615740457,3.377241468246022
91,3.7770931598718906,3.7174372162464366,3.6302568078904582,2.9506746332823965,3.395714071850483
92,3.761323836748006,3.722293593872266,3.632750255331836,2.969096686753467,3.4130922388177143
93,3.743676712704451,3.7256713992411794,3.633568466176269,2.987866901660933,3.42921576599492
94,3.7243090273324473,3.7275285742057136,3.632731174429355,3.0069986453542863,3.4439248861319625
95,3.7034020725132115,3.727832747041977,3.63027522284983,3.0265024923765558,3.4570630960898665
96,3.681159707967219,3.726562948132444,3.626254297702664,3.0463856394725286,3.4684800704729497
97,3.657806182221848,3.7237112942975417,3.620738314590064,3.0666513188566036,3.4780345972387536
98,3.633583265510417,3.7192845778398076,3.613812459383873,3.087298211948736,3.4855974715048044
99,3.6087467287028816,3.7133056900329016,3.605575895973617,3.1083198677120234,3.4910542846496613
100,3.583562238471236,3.7058148036508634,3.5961401602024448,3.129704133602025,3.4943080485746263
101,3.558300779126616,3.696870236842509,3.585627267560406,3.151432611765878,3.495281601549453
102,3.5332337463442287,3.6865489228585635,3.5741675710414267,3.1734801572491067,3.493919752317338
103,3.5086278809477074,3.674946417842685,3.5618974149188367,3.195814438028603,3.490191129583135
104,3.4847402206553286,3.662176392132333,3.5489566400156525,3.218395578924984,3.4840897098706733
105,3.4618132441817826,3.6483695688263733,3.535486005519088,3.2411759125432917,3.4756359959782746
106,3.440070366343527,3.633672096107414,3.521624599368804,3.2640998589210106,3.4648778145056527
107,3.419711918615676,3.618243366066766,3.507507311807191,3.2871039503129618,3.451890701197055
108,3.4009117218082645,3.60225332156293,3.493262444590492,3.3101170096473216,3.436777850044627
109,3.3838143292557854,3.5858793225520365,3.4790095228629774,3.333060483781771,3.419669611326031
110,3.3685329901777576,3.569302671875043,3.4648573698414538,3.355848928138582,3.4007225285005083
111,3.355148352122038,3.5527049242850746,3.450902498106563,3.3783906374916515,3.3801179033643964
112,3.3437078897068027,3.53626411785282,3.4372278649241075,3.4005884164793443,3.3580598773754957
113,3.334226019699311,3.5201510714286495,3.4239020291773357,3.422340480481193,3.334773019234726
114,3.326684844586706,3.504525886324655,3.410978731941553,3.443541473037331,3.3104994164788093
115,3.3210354575791508,3.489534777759879,3.3984969039289394,3.464083582684189,3.2854952812157903
116,3.3171997377769484,3.475307345028078,3.386481085503358,3.4838577415955014,3.260027096951469
117,3.315072562877435,3.4619543707836415,3.3749422304547014,3.5027548901458356,3.23436735585338
118,3.3145243688285997,3.449566218731647,3.3638788518021503,3.520667294243686,3.208789963325933
119,3.3154039921212908,3.438211873318416,3.353278455211807,3.537489903805195,3.1835654163340332
120,3.3175417395017517,3.4279386353205883,3.3431191938891054,3.5531217387187106,3.1589558893608802
121,3.320752639342281,3.4187724571400784,3.3333716699082174,3.567467284700866,3.135210382069859
122,3.324839837504402,3.4107188735142357,3.3240008023775323,3.5804378798435077,3.11256009009079
123,3.3295981060219004,3.4037644572726564,3.3149676838346407,3.5919530737999907,3.0912141533512068
124,3.3348174313641183,3.3978787063600713,3.3062313547351456,3.6019419421321386,3.0713559193514253
125,3.340286640053658,3.393016250185568,3.2977504428135433,3.610344336483408,3.053139836476979
126,3.345797008266048,3.3891192535566876,3.289484636305373,3.617112047465164,3.036689065327762
127,3.3511457929761352,3.3861198971621604,3.281395980562428,3.622209852951488,3.022093863208846
128,3.3561396146318545,3.3839428245255343,3.2734500006923724,3.625616422339739,3.0094107607823153
129,3.360597614216272,3.3825074633439263,3.2656166581720005,3.6273250487715214,2.9986625149682244
130,3.3643543032675396,3.3817301500468124,3.257871151530181,3.627344185488069,2.9898387919460445
131,3.367262027370122,3.381526007936031,3.2501945742055574,3.6256977678568125,2.982897511589905
132,3.3691929734377295,3.381810550215246,3.242574445130981,3.622425308015229,2.977766773111629
133,3.3700406683055455,3.3825009970816873,3.235005125543156,3.6175817534132335,2.9743472800457944
134,3.369720938319924,3.3835173085227326,3.22748813000175,3.611237103829114,2.9725151829376983
135,3.368172323631971,3.384782942225107,3.2200323357198393,3.6034757851290466,2.9721252522824892
136,3.365355965879635,3.386225350811109,3.2126540934961625,3.5943957821323798,2.973014284561715
137,3.3612550150880396,3.3877762345894715,3.2053772429778524,3.5841075356159338,2.9750046411300017
138,3.355873630161637,3.3893715663557433,3.198233033209188,3.5727326099880248,2.9779078291122016
139,3.3492356729257495,3.3909514074352587,3.1912599463390285,3.560402140928845,2.9815280495577747
140,3.341383213033795,3.392459541589901,3.1845034144350275,3.5472550769697277,2.985665651104109
141,3.332374967419944,3.393842963740451,3.178015401455028,3.5334362346092223,2.9901204335705245
142,3.3222847939989197,3.3950512703168885,3.171853797382824,3.5190941931132618,2.994694748214431
143,3.311200346893807,3.3960360053642438,3.166081552169786,3.50437906187975,2.999196345351914
144,3.2992219814873804,3.396750019850376,3.160765474224925,3.489440158369006,3.0034409303895386
145,3.2864619743604133,3.3971469003547146,3.1559746322258246,3.4744236387624396,3.0072544062749826
146,3.2730440976543673,3.3971805184657393,3.1517783253121197,3.459470129062477,3.0104747984124836
147,3.2591035597601925,3.3968047451740735,3.1482436220242223,3.4447124112990815,3.012953871080161
148,3.244787293436339,3.395973365658294,3.1454325104163905,3.430273226803151,3.01455845186134
149,3.23025453829989,3.394640219390703,3.143398747508999,3.4162632659061165,3.015171486532936
150,3.215677629874476,3.3927595799196726,3.1421845416459098,3.402779418215656,3.0146928538539424
151,3.201242876997,3.390286779829812,3.1418172416876313,3.3899033544599386,3.013039977075247
152,3.1871513871727286,3.387179079670107,3.1423062371685537,3.377700497757101,3.0101482749549335
153,3.1736196859445682,3.3833967743654476,3.1436402884460057,3.3662194226368407,3.005971498942868
154,3.16087997024356,3.3789045262299644,3.145785501540209,3.3554916993130868,3.000482004852311
155,0.0,3.3736729102449736,3.1486841379985586,3.3455321811380694,2.993671005221599
156,0.0,3.36768015505471,3.152254409399185,3.3363397144800016,2.9855488412804867
157,0.0,3.3609140608614108,3.156391354868941,3.3278982312374494,2.9761453033574257
158,0.0,3.35337407055577,0.0,3.3201781652768414,2.9655100194171244
159,0.0,3.3450734633966097,0.0,3.313138117324086,2.9537129222738128
160,0.0,0.0,0.0,3.3067266801807977,2.9408447932322788
161,0.0,0.0,0.0,3.3008843294415695,2.9270178634640662
162,0.0,0.0,0.0,3.2955452878226494,2.9123664363288237
163,0.0,0.0,0.0,3.290639287142108,2.897047473279591
164,0.0,0.0,0.0,3.28609317780041,2.88124106252034
165,0.0,0.0,0.0,3.2818323608864315,2.865150668660029
166,0.0,0.0,0.0,3.2777820331905203,2.849003051354608
167,0.0,0.0,0.0,3.27386823938764,2.833047743380588
168,0.0,0.0,0.0,3.27001872563124,2.8175559874587743
169,0.0,0.0,0.0,3.266163592460931,2.802819039156665
170,0.0,0.0,0.0,3.262235753124624,2.7891457492389313
171,0.0,0.0,0.0,3.2581712122331905,0.0
172,0.0,0.0,0.0,3.25390918735194,0.0
173,0.0,0.0,0.0,3.2493921036321476,0.0
174,0.0,0.0,0.0,3.2445654988729062,0.0
175,0.0,0.0,0.0,3.2393778819629415,0.0
176,0.0,0.0,0.0,3.233780590679247,0.0
177,0.0,0.0,0.0,3.2277276960108074,0.0
178,0.0,0.0,0.0,3.2211759999978757,0.0
179,0.0,0.0,0.0,3.2140851714830694,0.0
180,0.0,0.0,0.0,3.206418058230033,0.0
181,0.0,0.0,0.0,3.19814120550253,0.0
182,0.0,0.0,0.0,3.1892256018881264,0.0
183,0.0,0.0,0.0,3.179647663287603,0.0
184,0.0,0.0,0.0,3.1693904553800465,0.0
185,0.0,0.0,0.0,3.1584451438220404,0.0
186,0.0,0.0,0.0,3.146812650569428,0.0
187,0.0,0.0,0.0,3.1345054841579874,0.0
188,0.0,0.0,0.0,3.1215497008551605,0.0
189,0.0,0.0,0.0,3.107986941871614,0.0
190,0.0,0.0,0.0,3.093876480443239,0.0
191,0.0,0.0,0.0,3.079297203300478,0.0
192,0.0,0.0,0.0,3.064349443929991,0.0
193,0.0,0.0,0.0,3.049156578865542,0.0
194,0.0,0.0,0.0,3.0338662929327587,0.0
195,0.0,0.0,0.0,3.0186514167996847,0.0
196,0.0,0.0,0.0,3.003710242167121,0.0
197,0.0,0.0,0.0,2.9892662252659834,0.0
198,0.0,0.0,0.0,2.975566994372354,0.0
199,0.0,0.0,0.0,2.962882580136366,0.0
200,0.0,0.0,0.0,2.9515027917196193,0.0
201,0.0,0.0,0.0,0.0,0.0
202,0.0,0.0,0.0,0.0,0.0
203,0.0,0.0,0.0,0.0,0.0
204,0.0,0.0,0.0,0.0,0.0
205,0.0,0.0,0.0,0.0,0.0
206,0.0,0.0,0.0,0.0,0.0
207,0.0,0.0,0.0,0.0,0.0
208,0.0,0.0,0.0,0.0,0.0
209,0.0,0.0,0.0,0.0,0.0
210,0.0,0.0,0.0,0.0,0.0
211,0.0,0.0,0.0,0.0,0.0
212,0.0,0.0,0.0,0.0,0.0
213,0.0,0.0,0.0,0.0,0.0
214,0.0,0.0,0.0,0.0,0.0
215,0.0,0.0,0.0,0.0,0.0
216,0.0,0.0,0.0,0.0,0.0
217,0.0,0.0,0.0,0.0,0.0
218,0.0,0.0,0.0,0.0,0.0
219,0.0,0.0,0.0,0.0,0.0
220,0.0,0.0,0.0,0.0,0.0
221,0.0,0.0,0.0,0.0,0.0
222,0.0,0.0,0.0,0.0,0.0
223,0.0,0.0,0.0,0.0,0.0
224,0.0,0.0,0.0,0.0,0.0
225,0.0,0.0,0.0,0.0,0.0
226,0.0,0.0,0.0,0.0,0.0
227,0.0,0.0,0.0,0.0,0.0
228,0.0,0.0,0.0,0.0,0.0
229,0.0,0.0,0.0,0.0,0.0
230,0.0,0.0,0.0,0.0,0.0
231,0.0,0.0,0.0,0.0,0.0
232,0.0,0.0,0.0,0.0,0.0
233,0.0,0.0,0.0,0.0,0.0
234,0.0,0.0,0.0,0.0,0.0
235,0.0,0.0,0.0,0.0,0.0
236,0.0,0.0,0.0,0.0,0.0
237,0.0,0.0,0.0,0.0,0.0
238,0.0,0.0,0.0,0.0,0.0
239,0.0,0.0,0.0,0.0,0.0
240,0.0,0.0,0.0,0.0,0.0
241,0.0,0.0,0.0,0.0,0.0
242,0.0,0.0,0.0,0.0,0.0
243,0.0,0.0,0.0,0.0,0.0
244,0.0,0.0,0.0,0.0,0.0
245,0.0,0.0,0.0,0.0,0.0
246,0.0,0.0,0.0,0.0,0.0
247,0.0,0.0,0.0,0.0,0.0
248,0.0,0.0,0.0,0.0,0.0
249,0.0,0.0,0.0,0.0,0.0
250,0.0,0.0,0.0,0.0,0.0
251,0.0,0.0,0.0,0.0,0.0
252,0.0,0.0,0.0,0.0,0.0
253,0.0,0.0,0.0,0.0,0.0
254,0.0,0.0,0.0,0.0,0.0
255,0.0,0.0,0.0,0.0,0.0
256,0.0,0.0,0.0,0.0,0.0
257,0.0,0.0,0.0,0.0,0.0
258,0.0,0.0,0.0,0.0,0.0
259,0.0,0.0,0.0,0.0,0.0
260,0.0,0.0,0.0,0.0,0.0
261,0.0,0.0,0.0,0.0,0.0
262,0.0,0.0,0.0,0.0,0.0
263,0.0,0.0,0.0,0.0,0.0
264,0.0,0.0,0.0,0.0,0.0
265,0.0,0.0,0.0,0.0,0.0
266,0.0,0.0,0.0,0.0,0.0
267,0.0,0.0,0.0,0.0,0.0
268,0.0,0.0,0.0,0.0,0.0
269,0.0,0.0,0.0,0.0,0.0
270,0.0,0.0,0.0,0.0,0.0
271,0.0,0.0,0.0,0.0,0.0
272,0.0,0.0,0.0,0.0,0.0
273,0.0,0.0,0.0,0.0,0.0
274,0.0,0.0,0.0,0.0,0.0
275,0.0,0.0,0.0,0.0,0.0
276,0.0,0.0,0.0,0.0,0.0
277,0.0,0.0,0.0,0.0,0.0
278,0.0,0.0,0.0,0.0,0.0
279,0.0,0.0,0.0,0.0,0.0
280,0.0,0.0,0.0,0.0,0.0
281,0.0,0.0,0.0,0.0,0.0
282,0.0,0.0,0.0,0.0,0.0
283,0.0,0.0,0.0,0.0,0.0
284,0.0,0.0,0.0,0.0,0.0
285,0.0,0.0,0.0,0.0,0.0
286,0.0,0.0,0.0,0.0,0.0
287,0.0,0.0,0.0,0.0,0.0
288,0.0,0.0,0.0,0.0,0.0
289,0.0,0.0,0.0,0.0,0.0
290,0.0,0.0,0.0,0.0,0.0
291,0.0,0.0,0.0,0.0,0.0
292,0.0,0.0,0.0,0.0,0.0
293,0.0,0.0,0.0,0.0,0.0
294,0.0,0.0,0.0,0.0,0.0
295,0.0,0.0,0.0,0.0,0.0
296,0.0,0.0,0.0,0.0,0.0
297,0.0,0.0,0.0,0.0,0.0
298,0.0,0.0,0.0,0.0,0.0
299,0.0,0.0,0.0,0.0,0.0
300,0.0,0.0,0.0,0.0,0.0
301,0.0,0.0,0.0,0.0,0.0
302,0.0,0.0,0.0,0.0,0.0
303,0.0,0.0,0.0,0.0,0.0
304,0.0,0.0,0.0,0.0,0.0
305,0.0,0.0,0.0,0.0,0.0
306,0.0,0.0,0.0,0.0,0.0
307,0.0,0.0,0.0,0.0,0.0
308,0.0,0.0,0.0,0.0,0.0
309,0.0,0.0,0.0,0.0,0.0
310,0.0,0.0,0.0,0.0,0.0
311,0.0,0.0,0.0,0.0,0.0
312,0.0,0.0,0.0,0.0,0.0
313,0.0,0.0,0.0,0.0,0.0
314,0.0,0.0,0.0,0.0,0.0
315,0.0,0.0,0.0,0.0,0.0
316,0.0,0.0,0.0,0.0,0.0
317,0.0,0.0,0.0,0.0,0.0
318,0.0,0.0,0.0,0.0,0.0
319,0.0,0.0,0.0,0.0,0.0
320,0.0,0.0,0.0,0.0,0.0
321,0.0,0.0,0.0,0.0,0.0
322,0.0,0.0,0.0,0.0,0.0
323,0.0,0.0,0.0,0.0,0.0
324,0.0,0.0,0.0,0.0,0.0
325,0.0,0.0,0.0,0.0,0.0
326,0.0,0.0,0.0,0.0,0.0
327,0.0,0.0,0.0,0.0,0.0
328,0.0,0.0,0.0,0.0,0.0
329,0.0,0.0,0.0,0.0,0.0
330,0.0,0.0,0.0,0.0,0.0
331,0.0,0.0,0.0,0.0,0.0
332,0.0,0.0,0.0,0.0,0.0
333,0.0,0.0,0.0,0.0,0.0
334,0.0,0.0,0.0,0.0,0.0
335,0.0,0.0,0.0,0.0,0.0
336,0.0,0.0,0.0,0.0,0.0
337,0.0,0.0,0.0,0.0,0.0
338,0.0,0.0,0.0,0.0,0.0
339,0.0,0.0,0.0,0.0,0.0
340,0.0,0.0,0.0,0.0,0.0
341,0.0,0.0,0.0,0.0,0.0
342,0.0,0.0,0.0,0.0,0.0
343,0.0,0.0,0.0,0.0,0.0
344,0.0,0.0,0.0,0.0,0.0
345,0.0,0.0,0.0,0.0,0.0
346,0.0,0.0,0.0,0.0,0.0
347,0.0,0.0,0.0,0.0,0.0
348,0.0,0.0,0.0,0.0,0.0
349,0.0,0.0,0.0,0.0,0.0
350,0.0,0.0,0.0,0.0,0.0
351,0.0,0.0,0.0,0.0,0.0
352,0.0,0.0,0.0,0.0,0.0
353,0.0,0.0,0.0,0.0,0.0
354,0.0,0.0,0.0,0.0,0.0
355,0.0,0.0,0.0,0.0,0.0
356,0.0,0.0,0.0,0.0,0.0
357,0.0,0.0,0.0,0.0,0.0
358,0.0,0.0,0.0,0.0,0.0
359,0.0,0.0,0.0,0.0,0.0
360,0.0,0.0,0.0,0.0,0.0
361,0.0,0.0,0.0,0.0,0.0
362,0.0,0.0,0.0,0.0,0.0
363,0.0,0.0,0.0,0.0,0.0
364,0.0,0.0,0.0,0.0,0.0
365,0.0,0.0,0.0,0.0,0.0
366,0.0,0.0,0.0,0.0,0.0
367,0.0,0.0,0.0,0.0,0.0
368,0.0,0.0,0.0,0.0,0.0
369,0.0,0.0,0.0,0.0,0.0
370,0.0,0.0,0.0,0.0,0.0
371,0.0,0.0,0.0,0.0,0.0
372,0.0,0.0,0.0,0.0,0.0
373,0.0,0.0,0.0,0.0,0.0
374,0.0,0.0,0.0,0.0,0.0
375,0.0,0.0,0.0,0.0,0.0
376,0.0,0.0,0.0,0.0,0.0
377,0.0,0.0,0.0,0.0,0.0
378,0.0,0.0,0.0,0.0,0.0
379,0.0,0.0,0.0,0.0,0.0
380,0.0,0.0,0.0,0.0,0.0
381,0.0,0.0,0.0,0.0,0.0
382,0.0,0.0,0.0,0.0,0.0
383,0.0,0.0,0.0,0.0,0.0
384,0.0,0.0,0.0,0.0,0.0
385,0.0,0.0,0.0,0.0,0.0
386,0.0,0.0,0.0,0.0,0.0
387,0.0,0.0,0.0,0.0,0.0
388,0.0,0.0,0.0,0.0,0.0
389,0.0,0.0,0.0,0.0,0.0
390,0.0,0.0,0.0,0.0,0.0
391,0.0,0.0,0.0,0.0,0.0
392,0.0,0.0,0.0,0.0,0.0
393,0.0,0.0,0.0,0.0,0.0
394,0.0,0.0,0.0,0.0,0.0
395,0.0,0.0,0.0,0.0,0.0
396,0.0,0.0,0.0,0.0,0.0
397,0.0,0.0,0.0,0.0,0.0
398,0.0,0.0,0.0,0.0,0.0
399,0.0,0.0,0.0,0.0,0.0
400,0.0,0.0,0.0,0.0,0.0
401,0.0,0.0,0.0,0.0,0.0
402,0.0,0.0,0.0,0.0,0.0
403,0.0,0.0,0.0,0.0,0.0
404,0.0,0.0,0.0,0.0,0.0
405,0.0,0.0,0.0,0.0,0.0
406,0.0,0.0,0.0,0.0,0.0
407,0.0,0.0,0.0,0.0,0.0
408,0.0,0.0,0.0,0.0,0.0
409,0.0,0.0,0.0,0.0,0.0
410,0.0,0.0,0.0,0.0,0.0
411,0.0,0.0,0.0,0.0,0.0
412,0.0,0.0,0.0,0.0,0.0
413,0.0,0.0,0.0,0.0,0.0
414,0.0,0.0,0.0,0.0,0.0
415,0.0,0.0,0.0,0.0,0.0
416,0.0,0.0,0.0,0.0,0.0
417,0.0,0.0,0.0,0.0,0.0
418,0.0,0.0,0.0,0.0,0.0
419,0.0,0.0,0.0,0.0,0.0
420,0.0,0.0,0.0,0.0,0.0
421,0.0,0.0,0.0,0.0,0.0
422,0.0,0.0,0.0,0.0,0.0
423,0.0,0.0,0.0,0.0,0.0
424,0.0,0.0,0.0,0.0,0.0
425,0.0,0.0,0.0,0.0,0.0
426,0.0,0.0,0.0,0.0,0.0
427,0.0,0.0,0.0,0.0,0.0
428,0.0,0.0,0.0,0.0,0.0
429,0.0,0.0,0.0,0.0,0.0
430,0.0,0.0,0.0,0.0,0.0
431,0.0,0.0,0.0,0.0,0.0
432,0.0,0.0,0.0,0.0,0.0
433,0.0,0.0,0.0,0.0,0.0
434,0.0,0.0,0.0,0.0,0.0
435,0.0,0.0,0.0,0.0,0.0
436,0.0,0.0,0.0,0.0,0.0
437,0.0,0.0,0.0,0.0,0.0
438,0.0,0.0,0.0,0.0,0.0
439,0.0,0.0,0.0,0.0,0.0
440,0.0,0.0,0.0,0.0,0.0
441,0.0,0.0,0.0,0.0,0.0
442,0.0,0.0,0.0,0.0,0.0
443,0.0,0.0,0.0,0.0,0.0
444,0.0,0.0,0.0,0.0,0.0
445,0.0,0.0,0.0,0.0,0.0
446,0.0,0.0,0.0,0.0,0.0
447,0.0,0.0,0.0,0.0,0.0
448,0.0,0.0,0.0,0.0,0.0
449,0.0,0.0,0.0,0.0,0.0
450,0.0,0.0,0.0,0.0,0.0
451,0.0,0.0,0.0,0.0,0.0
452,0.0,0.0,0.0,0.0,0.0
453,0.0,0.0,0.0,0.0,0.0
454,0.0,0.0,0.0,0.0,0.0
455,0.0,0.0,0.0,0.0,0.0
456,0.0,0.0,0.0,0.0,0.0
457,0.0,0.0,0.0,0.0,0.0
458,0.0,0.0,0.0,0.0,0.0
459,0.0,0.0,0.0,0.0,0.0
460,0.0,0.0,0.0,0.0,0.0
461,0.0,0.0,0.0,0.0,0.0
462,0.0,0.0,0.0,0.0,0.0
463,0.0,0.0,0.0,0.0,0.0
464,0.0,0.0,0.0,0.0,0.0
465,0.0,0.0,0.0,0.0,0.0
466,0.0,0.0,0.0,0.0,0.0
467,0.0,0.0,0.0,0.0,0.0
468,0.0,0.0,0.0,0.0,0.0
469,0.0,0.0,0.0,0.0,0.0
470,0.0,0.0,0.0,0.0,0.0
471,0.0,0.0,0.0,0.0,0.0
472,0.0,0.0,0.0,0.0,0.0
473,0.0,0.0,0.0,0.0,0.0
474,0.0,0.0,0.0,0.0,0.0
475,0.0,0.0,0.0,0.0,0.0
476,0.0,0.0,0.0,0.0,0.0
477,0.0,0.0,0.0,0.0,0.0
478,0.0,0.0,0.0,0.0,0.0
479,0.0,0.0,0.0,0.0,0.0
480,0.0,0.0,0.0,0.0,0.0
481,0.0,0.0,0.0,0.0,0.0
482,0.0,0.0,0.0,0.0,0.0
483,0.0,0.0,0.0,0.0,0.0
484,0.0,0.0,0.0,0.0,0.0
485,0.0,0.0,0.0,0.0,0.0
486,0.0,0.0,0.0,0.0,0.0
487,0.0,0.0,0.0,0.0,0.0
488,0.0,0.0,0.0,0.0,0.0
489,0.0,0.0,0.0,0.0,0.0
490,0.0,0.0,0.0,0.0,0.0
491,0.0,0.0,0.0,0.0,0.0
492,0.0,0.0,0.0,0.0,0.0
493,0.0,0.0,0.0,0.0,0.0
494,0.0,0.0,0.0,0.0,0.0
495,0.0,0.0,0.0,0.0,0.0
496,0.0,0.0,0.0,0.0,0.0
497,0.0,0.0,0.0,0.0,0.0
498,0.0,0.0,0.0,0.0,0.0
499,0.0,0.0,0.0,0.0,0.0
0,2.9048894194029167,2.946542562297374,2.618216024046568,2.4331489092871896,2.746636818011159
1,2.9093972248342257,2.9529312726906123,2.627513969539918,2.4414577963258934,2.754661107964713
2,2.9140514613791777,2.9595234774804706,2.637107552725904,2.44985262266374,2.763027875885701
3,2.9188386299432314,2.966284357787448,2.646987462153982,2.4582534339736077,2.771726467287967
4,2.923743578162204,2.9731888904796144,2.6571431366613925,2.466594721281842,2.780749313191625
5,2.9287499139580526,2.98022335572356,2.667563137206042,2.4748259806920423,2.7900924364735227
6,2.933840612007766,2.9873863264716682,2.678235493266268,2.482911814841397,2.799755782885911
7,2.9389988069063535,2.9946891150287724,2.6891480184726926,2.4908316317899417,2.8097433703718586
8,2.944208754774755,3.002155673749051,2.7002885979631177,2.4985790016821228,2.8200632554843845
9,2.9494569328335003,3.009821966451542,2.7116454555501592,2.50616073331244,2.830727319016978
10,2.954733234665596,3.0177348444528787,2.7232074105208985,2.5135957335662464,2.8417508751955136
11,2.960032208154846,3.0259504769409054,2.7349641320227467,2.520913710854153,2.853152111768626
12,2.9653542749384076,3.0345324000665954,2.7469063943402,2.5281537770073794,2.864951373228968
13,2.9707068668004486,3.0435492620562434,2.7590263304706015,2.5353629916735745,2.8771703055722906
14,2.9761054167318592,3.0530723516054543,2.7713176772173904,2.54259488244645,2.8898308873969576
15,2.9815741491369874,3.063173002152894,2.7837760053146203,2.5499079653651164,2.902954378224214
16,2.9871466227656316,3.073919964268868,2.7963989322436325,2.5573642845152964,2.9165602204418306
17,2.992865990239346,3.085376832881694,2.8091863187620407,2.565027985785932,2.9306649374830944
18,2.9987849490515086,3.0975996076236743,2.822140448405009,2.572963938137555,2.9452810801441798
19,3.004965369727803,3.1106344558066885,2.8352661822185374,2.581236415613073,2.96041628513228
20,3.011477596646134,3.124515739925748,2.848571071874837,2.5899078538835907,2.9760725206895393
21,3.018399425814944,3.1392643649850234,2.8620654080818255,2.5990376956835046,2.992245596655108
22,3.025814771821345,3.154886494519317,2.875762183463115,2.6086813398955218,3.008925003210923
23,3.033812043729233,3.171372677222089,2.8896769608300428,2.618889209054599,3.0260941115241136
24,3.0424822588213476,3.1886974174745313,2.9038276528928413,2.6297059490183057,3.0437307304466543
25,3.051916935096113,3.20681921156285,2.918234232011313,2.641169771951576,3.0618079820621773
26,3.062205816209807,3.225681057727847,2.9329183982561653,2.653311949622715,3.080295441117641
27,3.0734344917574203,3.2452114358418083,2.9479032392892646,2.6661564587745494,3.0991604733708265
28,3.085681979292336,3.2653257445095494,2.9632129075887454,2.67971977476794,3.1183696993734373
29,3.0990183339247452,3.2859281792257096,2.9788723164308517,2.694010804915118,3.1378905018762726
30,3.1135023497357603,3.306914031210037,2.9949068336719304,2.709030950564996,3.1576924877948005
31,3.1291794167235065,3.3281723787263475,3.0113419522109877,2.7247742880984993,3.1777488122590802
32,3.146079598262102,3.349589130460196,3.028202932175601,2.741227862326827,3.1980372749100727
33,3.1642159955756095,3.3710503671048664,3.045514421733614,2.758372088447726,3.218541101194587
34,3.18358346328136,3.3924459121752415,3.0633000644584207,2.776181258292266,3.2392493180961113
35,3.204157729884976,3.413673037115507,3.0815820964538996,2.794624142715008,3.2601566421424253
36,3.2258949607852068,3.434640163371931,3.1003809302477623,2.81366467631421,3.2812628469903125
37,3.2487317847430917,3.455270374876328,3.1197147212910976,2.833262705204328,3.302571663379803
38,3.272585791620461,3.4755045136393923,3.1395989215891773,2.85337477385362,3.324089340628051
39,3.297356499111037,3.49530360565984,3.1600458353251337,2.8739549231838417,3.345823029597597
40,3.322926778112202,3.5146503540776544,3.1810641908499604,2.894955470996079,3.367779135451934
41,3.3491647195168666,3.533549449706856,3.2026587332994585,2.9163277497187123,3.3899617581863475
42,3.3759259170113265,3.5520265141583574,3.2248298337919463,2.9380227856383856,3.412371305096239
43,3.4030561278274343,3.570125634653587,3.247573110627232,2.9599919158613086,3.435003325440705
44,3.430394256368218,3.5879056466728594,3.270879062754467,2.9821873521681006,3.4578475865485867
45,3.4577755883009638,3.605435489520565,3.294732721561944,3.0045627134105124,3.4808873879555433
46,3.485035188767433,3.6227890393541995,3.3191133295845305,3.027073555477001,3.5040990979528956
47,3.512011366470437,3.6400398235267604,3.343994051860824,3.0496779235248725,3.527451891600369
48,3.5385490911613102,3.6572559796598414,3.369341720262385,3.072336937387046,3.5509076658577046
49,3.5645032337952345,3.674495763652246,3.3951166083611315,3.095015406480541,3.574421104216879
50,3.589741479613314,3.6918038363131287,3.4212722358426664,3.1176824549054656,3.59793986152792
51,3.614146753762626,3.709208473305232,3.4477552050682223,3.1403121173285022,3.621404841032041
52,3.63761900938366,3.7267197573421407,3.4745050765024863,3.1628838524413214,3.6447505393504933
53,3.6600762627879404,3.744328735865813,3.501454294054905,3.185382926062435,3.6679054394600743
54,3.681454810977968,3.762007468678137,3.52852817520649,3.207800632260077,3.6907924349118097
55,3.701708631158666,3.779709849109727,3.5556449821449947,3.2301343297916736,3.7133292706980296
56,3.720808041388039,3.7973730573751014,3.582716087310377,3.252387269466844,3.7354289889282617
57,3.738737776766541,3.814919494033961,3.6096462406108802,3.274568185399945,3.7570003722578953
58,3.755494677296355,3.8322590424554046,3.636333939321684,3.2966906239763145,3.777948384532193
59,3.7710851850698974,3.8492915182953378,3.662671897700239,3.318771988640933,3.798174615299241
60,3.785522825588366,3.8659091791232636,3.68854761153704,3.34083229010531,3.81757774224195
61,3.7988258177569976,3.8819991886083294,3.713844011944164,3.3628926118065836,3.8360540326825157
62,3.811014928120357,3.89744595686332,3.7384402013997975,3.3849733235389117,3.853497910321388
63,3.822111659108761,3.9121333089998678,3.7622122619548266,3.407092096451598,3.8698026146887123
64,3.8321368369300104,3.9259464633958103,3.7850341198524227,3.4292617891318287,3.884860978938561
65,3.841109639448745,3.938773825878885,3.8067784456595177,3.451488286563066,3.8985663480079853
66,3.8490470761488993,3.950508624275094,3.8273175710917458,3.473768380066182,3.910813654937757
67,3.855963903046653,3.961050418918329,3.846524416201912,3.4960877782593465,3.9215006701357917
68,3.8618729306403323,3.9703065276040617,3.86427343814272,3.518419338493222,3.930529437094256
69,3.8667856671469423,3.9781933973362436,3.8804416274529294,3.54072160277116,3.9378079054241732
70,3.87071323253805,3.984637942015224,3.89490958695171,3.562937708443444,3.9432517643631906
71,3.8736674775438384,3.989578849241746,3.907562732671333,3.584994724741105,3.94678646692039
72,3.875662241327603,3.9929678445914716,3.9182926554641964,3.606803447826174,3.948349418597067
73,3.876714678847831,3.994770890391085,3.9269986741259197,3.628258670514116,3.947892287261601
74,3.8768465824767984,3.9949692888662436,3.9335895954396545,3.6492399251583687,3.9453833736258623
75,3.8760856137763753,3.9935606547096034,3.9379856755903315,3.669612680576806,3.9408099655623383
76,3.8744663566045534,3.990559715845169,3.9401207548055748,3.689229961214301,3.934180584700854
77,3.8720311077972633,3.9859988916416387,3.939944516714243,3.707934350550302,3.9255270211983135
78,3.8688303357671816,3.979928588234996,3.9374248089838617,3.725560338397424,3.9149060433778686
79,3.8649227560774873,3.972417146257732,3.9325499545184806,3.7419369707454893,3.9024006644816396
80,3.860374994707583,3.9635503797669767,3.9253309817967548,3.75689076081992,3.8881208517127153
81,3.8552608345374306,3.953430655507662,3.915803703006192,3.7702488207183635,3.8722035771131167
82,3.8496600667489775,3.942175476051383,3.9040305628271765,3.7818421725650238,3.8548121373497195
83,3.8436569929693936,3.929915546119304,3.890102167901277,3.7915091948633455,3.8361347046371987
84,3.8373386434578314,3.9167923186617712,3.874138393401954,3.7990991539912664,3.816382104649986
85,3.83079279019178,3.9029550401015634,3.856288957232052,3.80447576444647,3.7957848458287105
86,3.824105841376977,3.8885573452802724,3.8367333579058753,3.8075207152728203,3.7745894507616153
87,3.817360707460116,3.8737534882971456,3.815680085740814,3.808137092363549,3.7530541666336505
88,3.8106347305744492,3.858694329052115,3.7933650332464133,3.8062526147522173,3.73144415761541
89,3.8039977695757696,3.8435232240299055,3.7700490485138944,3.8018225883498955,3.7100263061333667
90,3.797510528153181,3.8283719932513214,3.7460145986519526,3.794832467325424,3.689063770277956
91,3.7912232010670595,3.813357150889015,3.721561541769997,3.7852999067492537,3.668810459531366
92,3.7851744945514216,3.7985765908837066,3.6970020441717204,3.773276194065937,3.6495056006096114
93,3.7793910549076237,3.784106908834887,3.672654721900828,3.758846962935583,3.6313685699642675
94,3.7738873171729357,3.770001518066899,3.648838134342748,3.7421321188838106,3.6145941673561484
95,3.7686657645595685,3.75628968327626,3.625863813347843,3.7232849364017757,3.5993484917829686
96,3.7637175688888997,3.742976551944771,3.604029064438685,3.702490316588839,3.5857655541312594
97,3.7590235628869735,3.7300442142397534,3.583609809408861,3.6799622221858743,3.5739447225739887
98,3.7545554801720793,3.7174537709813213,3.56485374486319,3.6559403342272785,3.5639490549258257
99,3.750277391748724,3.7051483431189247,3.547974078739778,3.630686001939755,3.5558045350595724
100,3.7461472689684494,3.693056920042437,3.533144086639787,3.6044775841462773,3.549500199637136
101,3.7421186095011403,3.6810989182538436,3.5204927001360216,3.5776053046278733,3.544989112435759
102,3.7381420725185825,3.6691893023146447,3.5101012945229244,3.5503657622292244,3.5421901138543377
103,3.7341670798528943,3.6572441014339874,3.502001784679306,3.5230562457132875,3.54099024705026
104,3.7301433481278763,3.645186137045639,3.496176071702127,3.4959690035581277,3.541247746840491
105,3.7260223211501984,3.6329507644881076,3.4925568178298096,3.469385612869833,3.542795475011905
106,3.7217584748241244,3.6204914300144475,3.4910294700414326,3.443571581844951,3.545444691298341
107,3.7173104723762886,3.6077848516697157,3.491435408303408,3.418771308667037,3.548989057930015
108,3.712642155922937,3.5948356447927,3.4935760641992433,3.3952035082761407,3.5532087860635206
109,3.7077233681286623,3.581680227020956,3.4972178389806747,3.3730572084465544,3.5578748448087727
110,3.7025306023129247,3.5683898536912375,3.5020976452804162,3.352488407528472,3.56275316759073
111,3.697047480305481,3.55507265360742,3.5079289013594317,3.3336174753666796,3.5676088052089936
112,3.691265055778306,3.541874556520573,3.514407818088028,3.316527363360316,3.572209988530787
113,3.685181939424558,3.5289790242690606,3.521219835088391,3.3012626689039726,3.576332074129823
114,3.6788042430079053,3.5166055153565488,3.5280460824849,3.2878295758412626,3.5797613521383256
115,3.672145340184152,3.505006628378974,3.5345697664299243,3.2761966683720076,3.5822986978017766
116,3.6652254412726966,3.4944638846016276,3.54048239812907,3.2662965915305144,3.583763048589477
117,3.658070979010891,3.485282125083737,3.545489808423187,3.2580285068621753,3.5839946887841028
118,3.6507138058764355,3.477782514337873,3.54931791158202,3.2512612684440523,3.582858323761076
119,3.64319020996433,3.4722941628163175,3.551718193650541,3.2458372237311988,3.580245926247198
120,3.6355397624513333,3.4691444066247916,3.552472895993154,3.241576527389783,3.57607933615493
121,3.627804014454005,3.4686478156763165,3.5513998511218787,3.238281845686887,3.570312593971692
122,3.6200250658212836,3.471094041434449,3.548356917710247,3.2357433252980052,3.562933985468718
123,3.612244032987243,3.4767346639100087,3.543245958029636,3.2337437040632695,3.5539677729148136
124,3.604499446692444,3.4857692569967673,3.536016299636317,3.232063451490033,3.5434755849778847
125,3.5968256143531696,3.498330961715199,3.526667620536722,3.230485841798101,3.5315574337685893
126,3.589250988605159,3.5144719342278155,3.515252193568017,3.228801878205745,3.5183523226418574
127,3.581796594085923,3.534149112511526,3.501876423105905,3.2268149941210513,3.5040384026279874
128,3.5744745763684374,3.5572108147678887,3.4867016059138876,3.224345442160463,3.488832629110639
129,3.567286945104274,3.5833847360832185,3.4699438468402706,3.221234251768019,3.4729898622856297
130,3.5602245860802504,3.6122679396301844,3.451873058431707,3.2173466249939504,3.456801342706442
131,3.553266617410066,3.6433194386687373,3.4328109723966103,3.2125746710505596,3.4405924576969045
132,3.546380164357131,3.6758559333585703,3.4131280919956404,3.2068394331182213,3.42471969968842
133,3.539520620951806,3.709051204532241,3.3932395183664172,3.2000922013532564,3.4095667064755553
134,3.532632453486976,3.741939581397901,3.3735995895063375,3.192315125634019,3.395539267433733
135,3.5256505851083295,3.773423798124409,3.3546952776712704,3.1835211504967145,3.3830591825169765
136,3.518502383293979,3.8022874397480524,3.337038301210887,3.17375330121021,3.3725568762247593
137,3.511110251202968,3.8272120539254044,3.321155924229182,3.163083356282279,3.364462697573396
138,3.503394799984362,3.8467988750209234,3.307580444954861,3.1516099463362015,3.3591968793258355
139,3.495278554017536,3.859594974611631,3.296837411656859,3.139456119811119,3.357158186599328
140,3.486690115236239,3.864123520891568,3.2894326529571507,3.1267664133604938,3.3587113580721035
141,3.4775686858137664,0.0,3.285838268622077,3.113703464183028,3.3641735318581847
142,3.4678688212517232,0.0,3.286477797831578,3.100444207330202,0.0
143,3.457565261249255,0.0,3.2917108607080467,3.087175713486554,0.0
144,3.446657666715852,0.0,3.3018176471050826,3.074090737967664,0.0
145,3.4351750779969734,0.0,3.3169836940626105,3.0613830660863814,0.0
146,3.4231799000366014,0.0,0.0,3.0492427532713804,0.0
147,3.4107712156674412,0.0,0.0,3.037851370965853,0.0
148,3.3980872320061097,0.0,0.0,3.0273773792718432,0.0
149,3.3853066788014425,0.0,0.0,3.017971751474481,0.0
150,3.3726489991928243,0.0,0.0,3.0097639739065625,0.0
151,3.360373198623232,0.0,0.0,3.002858539193671,0.0
152,3.348775244366975,0.0,0.0,2.997332042146195,0.0
153,3.338183936708953,0.0,0.0,2.993230973903272,0.0
154,3.3289552044648945,0.0,0.0,2.9905702911703695,0.0
155,3.321464812668905,0.0,0.0,2.9893328146698543,0.0
156,3.3160995088484224,0.0,0.0,2.98946948432796,0.0
157,3.3132466764291197,0.0,0.0,2.990900467905765,0.0
158,3.313282609445085,0.0,0.0,2.993517086971305,0.0
159,0.0,0.0,0.0,2.99718449406322,0.0
160,0.0,0.0,0.0,3.001745011818565,0.0
161,0.0,0.0,0.0,3.007022029929785,0.0
162,0.0,0.0,0.0,3.0128243480195462,0.0
163,0.0,0.0,0.0,3.0189508510110863,0.0
164,0.0,0.0,0.0,3.025195407932596,0.0
165,0.0,0.0,0.0,0.0,0.0
166,0.0,0.0,0.0,0.0,0.0
167,0.0,0.0,0.0,0.0,0.0
168,0.0,0.0,0.0,0.0,0.0
169,0.0,0.0,0.0,0.0,0.0
170,0.0,0.0,0.0,0.0,0.0
171,0.0,0.0,0.0,0.0,0.0
172,0.0,0.0,0.0,0.0,0.0
173,0.0,0.0,0.0,0.0,0.0
174,0.0,0.0,0.0,0.0,0.0
175,0.0,0.0,0.0,0.0,0.0
176,0.0,0.0,0.0,0.0,0.0
177,0.0,0.0,0.0,0.0,0.0
178,0.0,0.0,0.0,0.0,0.0
179,0.0,0.0,0.0,0.0,0.0
180,0.0,0.0,0.0,0.0,0.0
181,0.0,0.0,0.0,0.0,0.0
182,0.0,0.0,0.0,0.0,0.0
183,0.0,0.0,0.0,0.0,0.0
184,0.0,0.0,0.0,0.0,0.0
185,0.0,0.0,0.0,0.0,0.0
186,0.0,0.0,0.0,0.0,0.0
187,0.0,0.0,0.0,0.0,0.0
188,0.0,0.0,0.0,0.0,0.0
189,0.0,0.0,0.0,0.0,0.0
190,0.0,0.0,0.0,0.0,0.0
191,0.0,0.0,0.0,0.0,0.0
192,0.0,0.0,0.0,0.0,0.0
193,0.0,0.0,0.0,0.0,0.0
194,0.0,0.0,0.0,0.0,0.0
195,0.0,0.0,0.0,0.0,0.0
196,0.0,0.0,0.0,0.0,0.0
197,0.0,0.0,0.0,0.0,0.0
198,0.0,0.0,0.0,0.0,0.0
199,0.0,0.0,0.0,0.0,0.0
200,0.0,0.0,0.0,0.0,0.0
201,0.0,0.0,0.0,0.0,0.0
202,0.0,0.0,0.0,0.0,0.0
203,0.0,0.0,0.0,0.0,0.0
204,0.0,0.0,0.0,0.0,0.0
205,0.0,0.0,0.0,0.0,0.0
206,0.0,0.0,0.0,0.0,0.0
207,0.0,0.0,0.0,0.0,0.0
208,0.0,0.0,0.0,0.0,0.0
209,0.0,0.0,0.0,0.0,0.0
210,0.0,0.0,0.0,0.0,0.0
211,0.0,0.0,0.0,0.0,0.0
212,0.0,0.0,0.0,0.0,0.0
213,0.0,0.0,0.0,0.0,0.0
214,0.0,0.0,0.0,0.0,0.0
215,0.0,0.0,0.0,0.0,0.0
216,0.0,0.0,0.0,0.0,0.0
217,0.0,0.0,0.0,0.0,0.0
218,0.0,0.0,0.0,0.0,0.0
219,0.0,0.0,0.0,0.0,0.0
220,0.0,0.0,0.0,0.0,0.0
221,0.0,0.0,0.0,0.0,0.0
222,0.0,0.0,0.0,0.0,0.0
223,0.0,0.0,0.0,0.0,0.0
224,0.0,0.0,0.0,0.0,0.0
225,0.0,0.0,0.0,0.0,0.0
226,0.0,0.0,0.0,0.0,0.0
227,0.0,0.0,0.0,0.0,0.0
228,0.0,0.0,0.0,0.0,0.0
229,0.0,0.0,0.0,0.0,0.0
230,0.0,0.0,0.0,0.0,0.0
231,0.0,0.0,0.0,0.0,0.0
232,0.0,0.0,0.0,0.0,0.0
233,0.0,0.0,0.0,0.0,0.0
234,0.0,0.0,0.0,0.0,0.0
235,0.0,0.0,0.0,0.0,0.0
236,0.0,0.0,0.0,0.0,0.0
237,0.0,0.0,0.0,0.0,0.0
238,0.0,0.0,0.0,0.0,0.0
239,0.0,0.0,0.0,0.0,0.0
240,0.0,0.0,0.0,0.0,0.0
241,0.0,0.0,0.0,0.0,0.0
242,0.0,0.0,0.0,0.0,0.0
243,0.0,0.0,0.0,0.0,0.0
244,0.0,0.0,0.0,0.0,0.0
245,0.0,0.0,0.0,0.0,0.0
246,0.0,0.0,0.0,0.0,0.0
247,0.0,0.0,0.0,0.0,0.0
248,0.0,0.0,0.0,0.0,0.0
249,0.0,0.0,0.0,0.0,0.0
250,0.0,0.0,0.0,0.0,0.0
251,0.0,0.0,0.0,0.0,0.0
252,0.0,0.0,0.0,0.0,0.0
253,0.0,0.0,0.0,0.0,0.0
254,0.0,0.0,0.0,0.0,0.0
255,0.0,0.0,0.0,0.0,0.0
256,0.0,0.0,0.0,0.0,0.0
257,0.0,0.0,0.0,0.0,0.0
258,0.0,0.0,0.0,0.0,0.0
259,0.0,0.0,0.0,0.0,0.0
260,0.0,0.0,0.0,0.0,0.0
261,0.0,0.0,0.0,0.0,0.0
262,0.0,0.0,0.0,0.0,0.0
263,0.0,0.0,0.0,0.0,0.0
264,0.0,0.0,0.0,0.0,0.0
265,0.0,0.0,0.0,0.0,0.0
266,0.0,0.0,0.0,0.0,0.0
267,0.0,0.0,0.0,0.0,0.0
268,0.0,0.0,0.0,0.0,0.0
269,0.0,0.0,0.0,0.0,0.0
270,0.0,0.0,0.0,0.0,0.0
271,0.0,0.0,0.0,0.0,0.0
272,0.0,0.0,0.0,0.0,0.0
273,0.0,0.0,0.0,0.0,0.0
274,0.0,0.0,0.0,0.0,0.0
275,0.0,0.0,0.0,0.0,0.0
276,0.0,0.0,0.0,0.0,0.0
277,0.0,0.0,0.0,0.0,0.0
278,0.0,0.0,0.0,0.0,0.0
279,0.0,0.0,0.0,0.0,0.0
280,0.0,0.0,0.0,0.0,0.0
281,0.0,0.0,0.0,0.0,0.0
282,0.0,0.0,0.0,0.0,0.0
283,0.0,0.0,0.0,0.0,0.0
284,0.0,0.0,0.0,0.0,0.0
285,0.0,0.0,0.0,0.0,0.0
286,0.0,0.0,0.0,0.0,0.0
287,0.0,0.0,0.0,0.0,0.0
288,0.0,0.0,0.0,0.0,0.0
289,0.0,0.0,0.0,0.0,0.0
290,0.0,0.0,0.0,0.0,0.0
291,0.0,0.0,0.0,0.0,0.0
292,0.0,0.0,0.0,0.0,0.0
293,0.0,0.0,0.0,0.0,0.0
294,0.0,0.0,0.0,0.0,0.0
295,0.0,0.0,0.0,0.0,0.0
296,0.0,0.0,0.0,0.0,0.0
297,0.0,0.0,0.0,0.0,0.0
298,0.0,0.0,0.0,0.0,0.0
299,0.0,0.0,0.0,0.0,0.0
300,0.0,0.0,0.0,0.0,0.0
301,0.0,0.0,0.0,0.0,0.0
302,0.0,0.0,0.0,0.0,0.0
303,0.0,0.0,0.0,0.0,0.0
304,0.0,0.0,0.0,0.0,0.0
305,0.0,0.0,0.0,0.0,0.0
306,0.0,0.0,0.0,0.0,0.0
307,0.0,0.0,0.0,0.0,0.0
308,0.0,0.0,0.0,0.0,0.0
309,0.0,0.0,0.0,0.0,0.0
310,0.0,0.0,0.0,0.0,0.0
311,0.0,0.0,0.0,0.0,0.0
312,0.0,0.0,0.0,0.0,0.0
313,0.0,0.0,0.0,0.0,0.0
314,0.0,0.0,0.0,0.0,0.0
315,0.0,0.0,0.0,0.0,0.0
316,0.0,0.0,0.0,0.0,0.0
317,0.0,0.0,0.0,0.0,0.0
318,0.0,0.0,0.0,0.0,0.0
319,0.0,0.0,0.0,0.0,0.0
320,0.0,0.0,0.0,0.0,0.0
321,0.0,0.0,0.0,0.0,0.0
322,0.0,0.0,0.0,0.0,0.0
323,0.0,0.0,0.0,0.0,0.0
324,0.0,0.0,0.0,0.0,0.0
325,0.0,0.0,0.0,0.0,0.0
326,0.0,0.0,0.0,0.0,0.0
327,0.0,0.0,0.0,0.0,0.0
328,0.0,0.0,0.0,0.0,0.0
329,0.0,0.0,0.0,0.0,0.0
330,0.0,0.0,0.0,0.0,0.0
331,0.0,0.0,0.0,0.0,0.0
332,0.0,0.0,0.0,0.0,0.0
333,0.0,0.0,0.0,0.0,0.0
334,0.0,0.0,0.0,0.0,0.0
335,0.0,0.0,0.0,0.0,0.0
336,0.0,0.0,0.0,0.0,0.0
337,0.0,0.0,0.0,0.0,0.0
338,0.0,0.0,0.0,0.0,0.0
339,0.0,0.0,0.0,0.0,0.0
340,0.0,0.0,0.0,0.0,0.0
341,0.0,0.0,0.0,0.0,0.0
342,0.0,0.0,0.0,0.0,0.0
343,0.0,0.0,0.0,0.0,0.0
344,0.0,0.0,0.0,0.0,0.0
345,0.0,0.0,0.0,0.0,0.0
346,0.0,0.0,0.0,0.0,0.0
347,0.0,0.0,0.0,0.0,0.0
348,0.0,0.0,0.0,0.0,0.0
349,0.0,0.0,0.0,0.0,0.0
350,0.0,0.0,0.0,0.0,0.0
351,0.0,0.0,0.0,0.0,0.0
352,0.0,0.0,0.0,0.0,0.0
353,0.0,0.0,0.0,0.0,0.0
354,0.0,0.0,0.0,0.0,0.0
355,0.0,0.0,0.0,0.0,0.0
356,0.0,0.0,0.0,0.0,0.0
357,0.0,0.0,0.0,0.0,0.0
358,0.0,0.0,0.0,0.0,0.0
359,0.0,0.0,0.0,0.0,0.0
360,0.0,0.0,0.0,0.0,0.0
361,0.0,0.0,0.0,0.0,0.0
362,0.0,0.0,0.0,0.0,0.0
363,0.0,0.0,0.0,0.0,0.0
364,0.0,0.0,0.0,0.0,0.0
365,0.0,0.0,0.0,0.0,0.0
366,0.0,0.0,0.0,0.0,0.0
367,0.0,0.0,0.0,0.0,0.0
368,0.0,0.0,0.0,0.0,0.0
369,0.0,0.0,0.0,0.0,0.0
370,0.0,0.0,0.0,0.0,0.0
371,0.0,0.0,0.0,0.0,0.0
372,0.0,0.0,0.0,0.0,0.0
373,0.0,0.0,0.0,0.0,0.0
374,0.0,0.0,0.0,0.0,0.0
375,0.0,0.0,0.0,0.0,0.0
376,0.0,0.0,0.0,0.0,0.0
377,0.0,0.0,0.0,0.0,0.0
378,0.0,0.0,0.0,0.0,0.0
379,0.0,0.0,0.0,0.0,0.0
380,0.0,0.0,0.0,0.0,0.0
381,0.0,0.0,0.0,0.0,0.0
382,0.0,0.0,0.0,0.0,0.0
383,0.0,0.0,0.0,0.0,0.0
384,0.0,0.0,0.0,0.0,0.0
385,0.0,0.0,0.0,0.0,0.0
386,0.0,0.0,0.0,0.0,0.0
387,0.0,0.0,0.0,0.0,0.0
388,0.0,0.0,0.0,0.0,0.0
389,0.0,0.0,0.0,0.0,0.0
390,0.0,0.0,0.0,0.0,0.0
391,0.0,0.0,0.0,0.0,0.0
392,0.0,0.0,0.0,0.0,0.0
393,0.0,0.0,0.0,0.0,0.0
394,0.0,0.0,0.0,0.0,0.0
395,0.0,0.0,0.0,0.0,0.0
396,0.0,0.0,0.0,0.0,0.0
397,0.0,0.0,0.0,0.0,0.0
398,0.0,0.0,0.0,0.0,0.0
399,0.0,0.0,0.0,0.0,0.0
400,0.0,0.0,0.0,0.0,0.0
401,0.0,0.0,0.0,0.0,0.0
402,0.0,0.0,0.0,0.0,0.0
403,0.0,0.0,0.0,0.0,0.0
404,0.0,0.0,0.0,0.0,0.0
405,0.0,0.0,0.0,0.0,0.0
406,0.0,0.0,0.0,0.0,0.0
407,0.0,0.0,0.0,0.0,0.0
408,0.0,0.0,0.0,0.0,0.0
409,0.0,0.0,0.0,0.0,0.0
410,0.0,0.0,0.0,0.0,0.0
411,0.0,0.0,0.0,0.0,0.0
412,0.0,0.0,0.0,0.0,0.0
413,0.0,0.0,0.0,0.0,0.0
414,0.0,0.0,0.0,0.0,0.0
415,0.0,0.0,0.0,0.0,0.0
416,0.0,0.0,0.0,0.0,0.0
417,0.0,0.0,0.0,0.0,0.0
418,0.0,0.0,0.0,0.0,0.0
419,0.0,0.0,0.0,0.0,0.0
420,0.0,0.0,0.0,0.0,0.0
421,0.0,0.0,0.0,0.0,0.0
422,0.0,0.0,0.0,0.0,0.0
423,0.0,0.0,0.0,0.0,0.0
424,0.0,0.0,0.0,0.0,0.0
425,0.0,0.0,0.0,0.0,0.0
426,0.0,0.0,0.0,0.0,0.0
427,0.0,0.0,0.0,0.0,0.0
428,0.0,0.0,0.0,0.0,0.0
429,0.0,0.0,0.0,0.0,0.0
430,0.0,0.0,0.0,0.0,0.0
431,0.0,0.0,0.0,0.0,0.0
432,0.0,0.0,0.0,0.0,0.0
433,0.0,0.0,0.0,0.0,0.0
434,0.0,0.0,0.0,0.0,0.0
435,0.0,0.0,0.0,0.0,0.0
436,0.0,0.0,0.0,0.0,0.0
437,0.0,0.0,0.0,0.0,0.0
438,0.0,0.0,0.0,0.0,0.0
439,0.0,0.0,0.0,0.0,0.0
440,0.0,0.0,0.0,0.0,0.0
441,0.0,0.0,0.0,0.0,0.0
442,0.0,0.0,0.0,0.0,0.0
443,0.0,0.0,0.0,0.0,0.0
444,0.0,0.0,0.0,0.0,0.0
445,0.0,0.0,0.0,0.0,0.0
446,0.0,0.0,0.0,0.0,0.0
447,0.0,0.0,0.0,0.0,0.0
448,0.0,0.0,0.0,0.0,0.0
449,0.0,0.0,0.0,0.0,0.0
450,0.0,0.0,0.0,0.0,0.0
451,0.0,0.0,0.0,0.0,0.0
452,0.0,0.0,0.0,0.0,0.0
453,0.0,0.0,0.0,0.0,0.0
454,0.0,0.0,0.0,0.0,0.0
455,0.0,0.0,0.0,0.0,0.0
456,0.0,0.0,0.0,0.0,0.0
457,0.0,0.0,0.0,0.0,0.0
458,0.0,0.0,0.0,0.0,0.0
459,0.0,0.0,0.0,0.0,0.0
460,0.0,0.0,0.0,0.0,0.0
461,0.0,0.0,0.0,0.0,0.0
462,0.0,0.0,0.0,0.0,0.0
463,0.0,0.0,0.0,0.0,0.0
464,0.0,0.0,0.0,0.0,0.0
465,0.0,0.0,0.0,0.0,0.0
466,0.0,0.0,0.0,0.0,0.0
467,0.0,0.0,0.0,0.0,0.0
468,0.0,0.0,0.0,0.0,0.0
469,0.0,0.0,0.0,0.0,0.0
470,0.0,0.0,0.0,0.0,0.0
471,0.0,0.0,0.0,0.0,0.0
472,0.0,0.0,0.0,0.0,0.0
473,0.0,0.0,0.0,0.0,0.0
474,0.0,0.0,0.0,0.0,0.0
475,0.0,0.0,0.0,0.0,0.0
476,0.0,0.0,0.0,0.0,0.0
477,0.0,0.0,0.0,0.0,0.0
478,0.0,0.0,0.0,0.0,0.0
479,0.0,0.0,0.0,0.0,0.0
480,0.0,0.0,0.0,0.0,0.0
481,0.0,0.0,0.0,0.0,0.0
482,0.0,0.0,0.0,0.0,0.0
483,0.0,0.0,0.0,0.0,0.0
484,0.0,0.0,0.0,0.0,0.0
485,0.0,0.0,0.0,0.0,0.0
486,0.0,0.0,0.0,0.0,0.0
487,0.0,0.0,0.0,0.0,0.0
488,0.0,0.0,0.0,0.0,0.0
489,0.0,0.0,0.0,0.0,0.0
490,0.0,0.0,0.0,0.0,0.0
491,0.0,0.0,0.0,0.0,0.0
492,0.0,0.0,0.0,0.0,0.0
493,0.0,0.0,0.0,0.0,0.0
494,0.0,0.0,0.0,0.0,0.0
495,0.0,0.0,0.0,0.0,0.0
496,0.0,0.0,0.0,0.0,0.0
497,0.0,0.0,0.0,0.0,0.0
498,0.0,0.0,0.0,0.0,0.0
499,0.0,0.0,0.0,0.0,0.0
